Plant Name,Material Number,Material Description,Purchasing Group,Purchasing Grp. Name,Safety Stock,Material Group,Planned Delivery Time (Calendar Days),
IAA - ACME WAREHOUSE,300000020,3X14LB BLANK BOX FOR JUGS,3,NANCY QUESSY,0,RG2000,30,
IAA - ACME WAREHOUSE,300000031,2X20LB BLANK BOX FOR JUGS,3,NANCY QUESSY,0,RG2000,30,
IAA - ACME WAREHOUSE,300000042,BOX HEB PRO SC 14LB,3,NANCY QUESSY,0,RG3000,30,
IAA - ACME WAREHOUSE,300000048,BOX HEB PRO SC 40LB,3,NANCY QUESSY,0,RG3000,30,
IAA - ACME WAREHOUSE,300000049,BOX HEB PRO SC 28LB,3,NANCY QUESSY,0,RG3000,30,
IAA - ACME WAREHOUSE,300000050,BOX COSTCO QUALICAT MAX UN 18.14 KG,3,NANCY QUESSY,0,RG3000,30,
IAA - ACME WAREHOUSE,300000072,LB CAT MAGIC UN 25LB,2,ISABELLE PICARD,0,RG1000,120,
IAA - ACME WAREHOUSE,300000073,LB CAT MAGIC SC 25LB,2,ISABELLE PICARD,0,RG1000,120,
IAA - ACME WAREHOUSE,300000074,LB CAT MAGIC CARBON UN 25LB,2,ISABELLE PICARD,0,RG1000,120,
IAA - ACME WAREHOUSE,300000080,BAG ARTEMIS BONO BOX SC 25LB,2,ISABELLE PICARD,0,RG1000,120,
IAA - ACME WAREHOUSE,300000081,BAG ARTEMIS BONO BOX UN 25LB,2,ISABELLE PICARD,0,RG1000,120,
IAA - ACME WAREHOUSE,300000084,PAIL BLAIN UN 35LB,3,NANCY QUESSY,0,RG4000,60,
IAA - ACME WAREHOUSE,300000085,PAIL BLAIN SC 35LB,3,NANCY QUESSY,0,RG4000,60,
IAA - ACME WAREHOUSE,300000086,PAIL HEB ORIGINAL UN 35LB,3,NANCY QUESSY,0,RG4000,60,
IAA - ACME WAREHOUSE,300000087,PAIL HEB PRO SC 35LB,3,NANCY QUESSY,0,RG4000,60,
IAA - ACME WAREHOUSE,300000088,PAIL PSP UN 35LB,3,NANCY QUESSY,0,RG4000,60,
IAA - ACME WAREHOUSE,300000089,PAIL PSP LA 35LB,3,NANCY QUESSY,0,RG4000,60,
IAA - ACME WAREHOUSE,300000090,PAIL PSP FS 35LB,3,NANCY QUESSY,0,RG4000,60,
IAA - ACME WAREHOUSE,300000091,LID SQ MAUSER 35LB,3,NANCY QUESSY,0,RG4000,60,
IAA - ACME WAREHOUSE,300000092,SQUARE LID TEAR STRIP WHITE IN BDL,3,NANCY QUESSY,0,RG4000,60,
IAA - ACME WAREHOUSE,300000129,PAIL SO PHRESH ADV.OC UN 30LB GREEN,3,NANCY QUESSY,0,RG4000,60,
IAA - ACME WAREHOUSE,300000130,LID-PAIL SO PHRESH ADV.OC UN 30LB GREEN,3,NANCY QUESSY,0,RG4000,60,
IAA - ACME WAREHOUSE,300000131,PAIL SO PHRESH ADV.OC SC 30LB RED,3,NANCY QUESSY,0,RG4000,60,
IAA - ACME WAREHOUSE,300000132,LID-PAIL SO PHRESH DO MULTI SC 30LB RED,3,NANCY QUESSY,0,RG4000,60,
IAA - ACME WAREHOUSE,300000495,BOX HEB PRO SC 42LB,3,NANCY QUESSY,0,RG3000,30,
IAA - ACME WAREHOUSE,300000504,BAG KITTY POO UN 15LB,1,MAGALIE SENECAL-J.,0,RG1000,70,
IAA - ACME WAREHOUSE,300000532,BOX COSTCO QUALICAT MAX UN 18.14 KG,3,NANCY QUESSY,0,RG3000,30,
IAA - ACME WAREHOUSE,300000632,BOX COSTCO QUALICAT MAX UN 18.14 KG,3,NANCY QUESSY,0,RG3000,30,
IAA - ACME WAREHOUSE,400000001,SLIP SHEET,3,NANCY QUESSY,0,RP3000,30,
IAG - WASTENOT MGMT GREELEY,300000020,3X14LB BLANK BOX FOR JUGS,3,NANCY QUESSY,10000,RG2000,30,
IAG - WASTENOT MGMT GREELEY,300000031,2X20LB BLANK BOX FOR JUGS,3,NANCY QUESSY,45000,RG2000,30,
IAG - WASTENOT MGMT GREELEY,300000042,BOX HEB PRO SC 14LB,3,NANCY QUESSY,20000,RG3000,30,
IAG - WASTENOT MGMT GREELEY,300000048,BOX HEB PRO SC 40LB,3,NANCY QUESSY,0,RG3000,30,
IAG - WASTENOT MGMT GREELEY,300000049,BOX HEB PRO SC 28LB,3,NANCY QUESSY,10000,RG3000,30,
IAG - WASTENOT MGMT GREELEY,300000050,BOX COSTCO QUALICAT MAX UN 18.14 KG,3,NANCY QUESSY,0,RG3000,30,
IAG - WASTENOT MGMT GREELEY,300000072,LB CAT MAGIC UN 25LB,2,ISABELLE PICARD,0,RG1000,120,
IAG - WASTENOT MGMT GREELEY,300000073,LB CAT MAGIC SC 25LB,2,ISABELLE PICARD,0,RG1000,120,
IAG - WASTENOT MGMT GREELEY,300000074,LB CAT MAGIC CARBON UN 25LB,2,ISABELLE PICARD,0,RG1000,120,
IAG - WASTENOT MGMT GREELEY,300000080,BAG ARTEMIS BONO BOX SC 25LB,2,ISABELLE PICARD,0,RG1000,120,
IAG - WASTENOT MGMT GREELEY,300000081,BAG ARTEMIS BONO BOX UN 25LB,2,ISABELLE PICARD,0,RG1000,120,
IAG - WASTENOT MGMT GREELEY,300000084,PAIL BLAIN UN 35LB,3,NANCY QUESSY,0,RG4000,60,
IAG - WASTENOT MGMT GREELEY,300000085,PAIL BLAIN SC 35LB,3,NANCY QUESSY,0,RG4000,60,
IAG - WASTENOT MGMT GREELEY,300000086,PAIL HEB ORIGINAL UN 35LB,3,NANCY QUESSY,0,RG4000,60,
IAG - WASTENOT MGMT GREELEY,300000087,PAIL HEB PRO SC 35LB,3,NANCY QUESSY,0,RG4000,60,
IAG - WASTENOT MGMT GREELEY,300000088,PAIL PSP UN 35LB,3,NANCY QUESSY,0,RG4000,60,
IAG - WASTENOT MGMT GREELEY,300000089,PAIL PSP LA 35LB,3,NANCY QUESSY,0,RG4000,60,
IAG - WASTENOT MGMT GREELEY,300000090,PAIL PSP FS 35LB,3,NANCY QUESSY,0,RG4000,60,
IAG - WASTENOT MGMT GREELEY,300000091,LID SQ MAUSER 35LB,3,NANCY QUESSY,0,RG4000,60,
IAG - WASTENOT MGMT GREELEY,300000092,SQUARE LID TEAR STRIP WHITE IN BDL,3,NANCY QUESSY,0,RG4000,60,
IAG - WASTENOT MGMT GREELEY,300000130,LID-PAIL SO PHRESH ADV.OC UN 30LB GREEN,3,NANCY QUESSY,0,RG4000,60,
IAG - WASTENOT MGMT GREELEY,300000131,PAIL SO PHRESH ADV.OC SC 30LB RED,3,NANCY QUESSY,0,RG4000,60,
IAG - WASTENOT MGMT GREELEY,300000132,LID-PAIL SO PHRESH DO MULTI SC 30LB RED,3,NANCY QUESSY,0,RG4000,60,
IAG - WASTENOT MGMT GREELEY,300000495,BOX HEB PRO SC 42LB,3,NANCY QUESSY,15000,RG3000,30,
IAG - WASTENOT MGMT GREELEY,300000504,BAG KITTY POO UN 15LB,1,MAGALIE SENECAL-J.,0,RG1000,70,
IAG - WASTENOT MGMT GREELEY,300000532,BOX COSTCO QUALICAT MAX UN 18.14 KG,3,NANCY QUESSY,0,RG3000,30,
IAG - WASTENOT MGMT GREELEY,300000632,BOX COSTCO QUALICAT MAX UN 18.14 KG,3,NANCY QUESSY,15000,RG3000,30,
IAG - WASTENOT MGMT GREELEY,400000001,SLIP SHEET,3,NANCY QUESSY,12000,RP3000,30,
IAK - KELLER WAREHOUSE,300000504,BAG KITTY POO UN 15LB,1,MAGALIE SENECAL-J.,0,RG1000,70,
IAN - WASTENOT MGMT WINDSOR,300000041,BAG BOXIECAT ORIGINAL UN 40LB - 151,1,MAGALIE SENECAL-J.,0,RG1000,2,
IAN - WASTENOT MGMT WINDSOR,300000047,BAG BOXIECAT EXTRA UN 40LB - 153,1,MAGALIE SENECAL-J.,0,RG1000,2,
IAN - WASTENOT MGMT WINDSOR,300000051,BAG BOXIECAT ORIGINAL SC 28LB - 103A,3,NANCY QUESSY,0,RG1000,2,
IAN - WASTENOT MGMT WINDSOR,300000052,BAG BOXIECAT ORIGINAL SC 16LB - 102,3,NANCY QUESSY,0,RG1000,2,
IAN - WASTENOT MGMT WINDSOR,300000053,BAG BOXIECAT PRO UN 16LB,3,NANCY QUESSY,0,RG1000,2,
IAN - WASTENOT MGMT WINDSOR,300000055,BAG BOXIECAT PRO UN 28LB - 131A,3,NANCY QUESSY,0,RG1000,2,
IAN - WASTENOT MGMT WINDSOR,300000058,BAG BOXIECAT ORIGINAL UN 16LB - 100,3,NANCY QUESSY,42900,RG1000,2,
IAN - WASTENOT MGMT WINDSOR,300000059,BAG BOXIECAT EXTRA UN 16LB - 104,3,NANCY QUESSY,0,RG1000,2,
IAN - WASTENOT MGMT WINDSOR,300000060,BAG BOXIECAT EXTRA UN 28LB - 105A,3,NANCY QUESSY,0,RG1000,2,
IAN - WASTENOT MGMT WINDSOR,300000061,BAG BOXIECAT ORIGINAL UN 28LB - 101A,3,NANCY QUESSY,0,RG1000,2,
IAN - WASTENOT MGMT WINDSOR,300000095,BAG BOXIECAT SC 40LB - 152,1,MAGALIE SENECAL-J.,0,RG1000,2,
IAN - WASTENOT MGMT WINDSOR,300000125,BOXIECAT EXTRA UN 16LB Bag - Exp - 146,3,NANCY QUESSY,0,RG1000,2,
IAN - WASTENOT MGMT WINDSOR,300000498,BAG BOXIECAT PRO UN 40LB - 154C,3,NANCY QUESSY,0,RG1000,2,
IAN - WASTENOT MGMT WINDSOR,300000499,BAG BOXIECAT PRO UN 16LB - 130C,3,NANCY QUESSY,0,RG1000,2,
IAN - WASTENOT MGMT WINDSOR,300000501,BAG BOXIECAT PRO UN 28LB - 131C,3,NANCY QUESSY,0,RG1000,2,
IAN - WASTENOT MGMT WINDSOR,300000633,BAG BOXIECAT PRO Un 40LB - 154D,3,NANCY QUESSY,0,RG1000,2,
IAN - WASTENOT MGMT WINDSOR,300000634,BAG BOXIECAT PRO Un 16LB - 130D,3,NANCY QUESSY,90200,RG1000,2,
IAN - WASTENOT MGMT WINDSOR,300000635,BAG BOXIECAT PRO UN 28LB - 131D,3,NANCY QUESSY,110833,RG1000,2,
IAN - WASTENOT MGMT WINDSOR,300000645,BAG BOXIECAT PRO BOT 16LB - BOT,3,NANCY QUESSY,0,RG1000,2,
IAW - WINDSOR PLANT,100000010,ZEOLITE TURQUOISE,3,NANCY QUESSY,7256,RS5000,15,
IAW - WINDSOR PLANT,100000011,ZEOLITE WHITE,3,NANCY QUESSY,7256,RS5000,15,
IAW - WINDSOR PLANT,100000013,CALCIUM CARBONATE 16X60 MODIFIED,2,ISABELLE PICARD,81000,RS3000,0,
IAW - WINDSOR PLANT,100000014,MONTMORILLONITE GRANULAR,2,ISABELLE PICARD,2000,RS2000,3,
IAW - WINDSOR PLANT,100000017,ZEOLITE BLUE,3,NANCY QUESSY,10884,RS5000,15,
IAW - WINDSOR PLANT,200000021,HYDROQUINONE,3,NANCY QUESSY,1400,RA1000,42,
IAW - WINDSOR PLANT,200000022,AF-50 ULTRATEFLON (DUST SUPPRESSANT),3,NANCY QUESSY,1500,RA3000,42,
IAW - WINDSOR PLANT,200000023,PROBIOTIC-LB,2,ISABELLE PICARD,400,RA4000,100,
IAW - WINDSOR PLANT,200000024,SODIUM BICARBONATE (USP GRADE),3,NANCY QUESSY,2000,RA2000,60,
IAW - WINDSOR PLANT,200000025,OXPURE ACTIVATED CARBON,3,NANCY QUESSY,200,RA1000,60,
IAW - WINDSOR PLANT,300000000,BAG ODOUR BUSTER MULTICAT UN 12KG,1,MAGALIE SENECAL-J.,0,RG1000,70,
IAW - WINDSOR PLANT,300000001,BAG ODOUR BUSTER MULTICAT UN 12KG,1,MAGALIE SENECAL-J.,0,RG1000,70,
IAW - WINDSOR PLANT,300000002,BAG ODOUR BUSTER MC ENG/SPAN UN 12KG,1,MAGALIE SENECAL-J.,0,RG1000,70,
IAW - WINDSOR PLANT,300000003,BAG ODOUR BUSTER MC ENG/SPAN SC 12KG,1,MAGALIE SENECAL-J.,0,RG1000,70,
IAW - WINDSOR PLANT,300000004,WHITE BAG 15LB,1,MAGALIE SENECAL-J.,0,RG1000,70,
IAW - WINDSOR PLANT,300000005,BAG IT'S JUST CAT LITTER 18KG,1,MAGALIE SENECAL-J.,1000,RG1000,70,
IAW - WINDSOR PLANT,300000006,BAG ODOUR LOCK BP 13LB,2,ISABELLE PICARD,0,RG1000,150,
IAW - WINDSOR PLANT,300000007,BAG ODOR LOCK UN 13LB,2,ISABELLE PICARD,0,RG1000,150,
IAW - WINDSOR PLANT,300000008,BAG ODOUR LOCK LA 13LB,2,ISABELLE PICARD,0,RG1000,150,
IAW - WINDSOR PLANT,300000009,BAG ODOUR LOCK CB 13LB,2,ISABELLE PICARD,0,RG1000,150,
IAW - WINDSOR PLANT,300000010,BAG CLASSIC BP 30LB,1,MAGALIE SENECAL-J.,150,RG1000,70,
IAW - WINDSOR PLANT,300000011,BAG CLASSIC UN 30LB,1,MAGALIE SENECAL-J.,2150,RG1000,70,
IAW - WINDSOR PLANT,300000012,BAG CLASSIC LA 30LB,1,MAGALIE SENECAL-J.,550,RG1000,70,
IAW - WINDSOR PLANT,300000013,BAG CLASSIC NF 30LB,1,MAGALIE SENECAL-J.,0,RG1000,70,
IAW - WINDSOR PLANT,300000014,BAG CLASSIC BP 7KG,1,MAGALIE SENECAL-J.,0,RG1000,35,
IAW - WINDSOR PLANT,300000015,BAG CLASSIC UN 7KG,1,MAGALIE SENECAL-J.,0,RG1000,35,
IAW - WINDSOR PLANT,300000016,BAG FRISCO CLUMPING UN 20LB,1,MAGALIE SENECAL-J.,0,RG1000,70,
IAW - WINDSOR PLANT,300000017,BAG FRISCO CLUMPING FB 20LB,1,MAGALIE SENECAL-J.,0,RG1000,70,
IAW - WINDSOR PLANT,300000018,BAG FRISCO ODOR DEFENSE UN 35LB,1,MAGALIE SENECAL-J.,0,RG1000,70,
IAW - WINDSOR PLANT,300000019,BAG FRISCO UN 40LB,1,MAGALIE SENECAL-J.,0,RG1000,70,
IAW - WINDSOR PLANT,300000020,3X14LB BLANK BOX FOR JUGS,3,NANCY QUESSY,2000,RG2000,2,
IAW - WINDSOR PLANT,300000022,BAG FRISCO CLUMPING CR 20LB,1,MAGALIE SENECAL-J.,0,RG1000,70,
IAW - WINDSOR PLANT,300000023,BAG SETORY 1SCOOP SC 40LB,1,MAGALIE SENECAL-J.,0,RG1000,70,
IAW - WINDSOR PLANT,300000024,BAG FRISCO CLUMPING CR 40LB,1,MAGALIE SENECAL-J.,0,RG1000,70,
IAW - WINDSOR PLANT,300000025,BAG FRISCO CLUMPING CR 40LB,1,MAGALIE SENECAL-J.,0,RG1000,70,
IAW - WINDSOR PLANT,300000026,BAG SETORY 1SCOOP UN 40LB,1,MAGALIE SENECAL-J.,0,RG1000,70,
IAW - WINDSOR PLANT,300000027,BAG FRISCO ODOR DEFENSE CH 35LB,1,MAGALIE SENECAL-J.,0,RG1000,0,
IAW - WINDSOR PLANT,300000028,BAG FRISCO ODOR DEFENSE CH 35LB,1,MAGALIE SENECAL-J.,0,RG1000,70,
IAW - WINDSOR PLANT,300000029,BAG FRISCO ODOR DEFENSE PI 35LB,1,MAGALIE SENECAL-J.,0,RG1000,0,
IAW - WINDSOR PLANT,300000030,BAG FRISCO ODOR DEFENSE HP 35LB,1,MAGALIE SENECAL-J.,0,RG1000,70,
IAW - WINDSOR PLANT,300000031,2X20LB BLANK BOX FOR JUGS,3,NANCY QUESSY,500,RG2000,2,
IAW - WINDSOR PLANT,300000032,BAG FRISCO LA 40LB,1,MAGALIE SENECAL-J.,0,RG1000,70,
IAW - WINDSOR PLANT,300000033,BAG FRISCO FB 40LB,1,MAGALIE SENECAL-J.,0,RG1000,70,
IAW - WINDSOR PLANT,300000034,BAG FRISCO TB 40LB,1,MAGALIE SENECAL-J.,0,RG1000,70,
IAW - WINDSOR PLANT,300000035,BAG FRISCO ODOR DEFENSE HS 35LB,1,MAGALIE SENECAL-J.,0,RG1000,70,
IAW - WINDSOR PLANT,300000036,BAG FRISCO ODOR DEFENSE HO 35LB,1,MAGALIE SENECAL-J.,0,RG1000,70,
IAW - WINDSOR PLANT,300000037,BAG FRISCO BAKING SODA UN 40LB,1,MAGALIE SENECAL-J.,0,RG1000,70,
IAW - WINDSOR PLANT,300000038,BAG FRISCO ODOR DEFENSE LA 35LB,1,MAGALIE SENECAL-J.,0,RG1000,70,
IAW - WINDSOR PLANT,300000039,BAG ARTEMIS BONO BOX SC 40LB,1,MAGALIE SENECAL-J.,0,RG1000,70,
IAW - WINDSOR PLANT,300000040,BAG ARTEMIS BONO BOX UN 40LB,1,MAGALIE SENECAL-J.,0,RG1000,70,
IAW - WINDSOR PLANT,300000041,BAG BOXIECAT ORIGINAL UN 40LB - 151,1,MAGALIE SENECAL-J.,9500,RG1000,70,
IAW - WINDSOR PLANT,300000042,BOX HEB PRO SC 14LB,3,NANCY QUESSY,2100,RG3000,2,
IAW - WINDSOR PLANT,300000043,BAG BLAIN UN 20LB,1,MAGALIE SENECAL-J.,10000,RG1000,70,
IAW - WINDSOR PLANT,300000044,BAG BLAIN SC 20LB,1,MAGALIE SENECAL-J.,7500,RG1000,70,
IAW - WINDSOR PLANT,300000045,POLY BAG HOLLYWOOD UN CLEAR BAG 20LB,1,MAGALIE SENECAL-J.,1100,RG1000,70,
IAW - WINDSOR PLANT,300000046,BAG HOLLYWOOD FEED SC 20LB,1,MAGALIE SENECAL-J.,0,RG1000,70,
IAW - WINDSOR PLANT,300000047,BAG BOXIECAT EXTRA UN 40LB - 153,1,MAGALIE SENECAL-J.,8700,RG1000,70,
IAW - WINDSOR PLANT,300000048,BOX HEB PRO SC 40LB,3,NANCY QUESSY,0,RG3000,2,
IAW - WINDSOR PLANT,300000049,BOX HEB PRO SC 28LB,3,NANCY QUESSY,900,RG3000,2,
IAW - WINDSOR PLANT,300000050,BOX COSTCO QUALICAT MAX UN 18.14 KG,3,NANCY QUESSY,0,RG3000,2,
IAW - WINDSOR PLANT,300000051,BAG BOXIECAT ORIGINAL SC 28LB - 103A,3,NANCY QUESSY,5700,RG1000,2,
IAW - WINDSOR PLANT,300000052,BAG BOXIECAT ORIGINAL SC 16LB - 102,3,NANCY QUESSY,12066,RG1000,2,
IAW - WINDSOR PLANT,300000053,BAG BOXIECAT PRO UN 16LB,3,NANCY QUESSY,0,RG1000,2,
IAW - WINDSOR PLANT,300000055,BAG BOXIECAT PRO UN 28LB - 131A,3,NANCY QUESSY,0,RG1000,2,
IAW - WINDSOR PLANT,300000058,BAG BOXIECAT ORIGINAL UN 16LB - 100,3,NANCY QUESSY,8500,RG1000,2,
IAW - WINDSOR PLANT,300000059,BAG BOXIECAT EXTRA UN 16LB - 104,3,NANCY QUESSY,23000,RG1000,2,
IAW - WINDSOR PLANT,300000060,BAG BOXIECAT EXTRA UN 28LB - 105A,3,NANCY QUESSY,24000,RG1000,2,
IAW - WINDSOR PLANT,300000061,BAG BOXIECAT ORIGINAL UN 28LB - 101A,3,NANCY QUESSY,25000,RG1000,2,
IAW - WINDSOR PLANT,300000065,JUG HEB PRO UN 14LB,3,NANCY QUESSY,0,RG2000,60,
IAW - WINDSOR PLANT,300000066,JUG HEB ORIGINAL UN 20LB,3,NANCY QUESSY,0,RG2000,60,
IAW - WINDSOR PLANT,300000067,JUG HEB PRO SC 20LB,3,NANCY QUESSY,0,RG2000,60,
IAW - WINDSOR PLANT,300000068,JUG HEB PRO SC 14LB,3,NANCY QUESSY,0,RG2000,60,
IAW - WINDSOR PLANT,300000069,WHITE PLASTIC CAP FOR JUGS,3,NANCY QUESSY,100000,RG2000,60,
IAW - WINDSOR PLANT,300000070,LINER PKG 14LB HEB POURABLE BOX,3,NANCY QUESSY,20000,RG3000,60,
IAW - WINDSOR PLANT,300000071,LINER 14.5 X 11 0.00125 HD,2,ISABELLE PICARD,821.7,RG3000,30,
IAW - WINDSOR PLANT,300000072,LB CAT MAGIC UN 25LB,2,ISABELLE PICARD,12000,RG1000,120,
IAW - WINDSOR PLANT,300000073,LB CAT MAGIC SC 25LB,2,ISABELLE PICARD,12000,RG1000,120,
IAW - WINDSOR PLANT,300000074,LB CAT MAGIC CARBON UN 25LB,2,ISABELLE PICARD,10000,RG1000,120,
IAW - WINDSOR PLANT,300000075,LB ODOR LOCK BP 25LB,2,ISABELLE PICARD,0,RG1000,150,
IAW - WINDSOR PLANT,300000076,LB ODOR LOCK 25LB US,2,ISABELLE PICARD,0,RG1000,150,
IAW - WINDSOR PLANT,300000077,LB ODOR LOCK LA 25LB,2,ISABELLE PICARD,0,RG1000,150,
IAW - WINDSOR PLANT,300000078,LB ODOR LOCK CB 25LB,2,ISABELLE PICARD,0,RG1000,150,
IAW - WINDSOR PLANT,300000079,LB MAXCARE UN 25LB,2,ISABELLE PICARD,0,RG1000,150,
IAW - WINDSOR PLANT,300000080,BAG ARTEMIS BONO BOX SC 25LB,2,ISABELLE PICARD,0,RG1000,120,
IAW - WINDSOR PLANT,300000081,BAG ARTEMIS BONO BOX UN 25LB,2,ISABELLE PICARD,0,RG1000,120,
IAW - WINDSOR PLANT,300000084,PAIL BLAIN UN 35LB,3,NANCY QUESSY,2200,RG4000,1,
IAW - WINDSOR PLANT,300000085,PAIL BLAIN SC 35LB,3,NANCY QUESSY,2200,RG4000,1,
IAW - WINDSOR PLANT,300000086,PAIL HEB ORIGINAL UN 35LB,3,NANCY QUESSY,10000,RG4000,60,
IAW - WINDSOR PLANT,300000087,PAIL HEB PRO SC 35LB,3,NANCY QUESSY,13000,RG4000,60,
IAW - WINDSOR PLANT,300000088,PAIL PSP UN 35LB,3,NANCY QUESSY,0,RG4000,60,
IAW - WINDSOR PLANT,300000089,PAIL PSP LA 35LB,3,NANCY QUESSY,0,RG4000,60,
IAW - WINDSOR PLANT,300000090,PAIL PSP FS 35LB,3,NANCY QUESSY,0,RG4000,60,
IAW - WINDSOR PLANT,300000091,LID SQ MAUSER 35LB,3,NANCY QUESSY,29120,RG4000,60,
IAW - WINDSOR PLANT,300000092,SQUARE LID TEAR STRIP WHITE IN BDL,3,NANCY QUESSY,6400,RG4000,1,
IAW - WINDSOR PLANT,300000095,BAG BOXIECAT SC 40LB - 152,1,MAGALIE SENECAL-J.,2925,RG1000,70,
IAW - WINDSOR PLANT,300000096,POLY BAG HEB ORIGINAL UN 20LB,1,MAGALIE SENECAL-J.,50000,RG1000,70,
IAW - WINDSOR PLANT,300000097,BAG BOXIECAT PRO UN 40LB,1,MAGALIE SENECAL-J.,0,RG1000,70,
IAW - WINDSOR PLANT,300000098,BAG CAT MAGIC SC 14LB,2,ISABELLE PICARD,8500,RG1000,120,
IAW - WINDSOR PLANT,300000099,BAG CAT MAGIC UN 14LB,2,ISABELLE PICARD,5500,RG1000,120,
IAW - WINDSOR PLANT,300000100,BAG CAT MAGIC LESS TRACK 14LB,2,ISABELLE PICARD,3000,RG1000,120,
IAW - WINDSOR PLANT,300000101,BAG CAT MAGIC CARBON UN 14LB,2,ISABELLE PICARD,5500,RG1000,120,
IAW - WINDSOR PLANT,300000102,BAG F&N SC 40LB,1,MAGALIE SENECAL-J.,1750,RG1000,70,
IAW - WINDSOR PLANT,300000103,BAG F&N SC 20LB,1,MAGALIE SENECAL-J.,1500,RG1000,70,
IAW - WINDSOR PLANT,300000104,BAG INTEGRITY CLUMPING UN 20LB,1,MAGALIE SENECAL-J.,0,RG1000,70,
IAW - WINDSOR PLANT,300000105,BAG INTEGRITY CLUMPING UN 40LB,1,MAGALIE SENECAL-J.,0,RG1000,70,
IAW - WINDSOR PLANT,300000106,BAG INTEGRITY MULTI UN 20LB,1,MAGALIE SENECAL-J.,0,RG1000,70,
IAW - WINDSOR PLANT,300000107,BAG INTEGRITY MULTI UN 40LB,1,MAGALIE SENECAL-J.,0,RG1000,70,
IAW - WINDSOR PLANT,300000108,BAG F&N UN 20LB,1,MAGALIE SENECAL-J.,2000,RG1000,70,
IAW - WINDSOR PLANT,300000109,BAG F&N UN 40LB,1,MAGALIE SENECAL-J.,4500,RG1000,70,
IAW - WINDSOR PLANT,300000110,BAG PSP UN 20LB,1,MAGALIE SENECAL-J.,0,RG1000,70,
IAW - WINDSOR PLANT,300000111,BAG PSP LA 20LB,1,MAGALIE SENECAL-J.,0,RG1000,70,
IAW - WINDSOR PLANT,300000112,BAG PSP FS 20LB,1,MAGALIE SENECAL-J.,0,RG1000,70,
IAW - WINDSOR PLANT,300000113,BAG PSP UN 40LB,1,MAGALIE SENECAL-J.,0,RG1000,70,
IAW - WINDSOR PLANT,300000114,BAG PSP LA 40LB,1,MAGALIE SENECAL-J.,0,RG1000,70,
IAW - WINDSOR PLANT,300000115,BAG PSP FS 40LB,1,MAGALIE SENECAL-J.,0,RG1000,70,
IAW - WINDSOR PLANT,300000116,BAG F4L CLMP MC LITTER 40LB,1,MAGALIE SENECAL-J.,4500,RG1000,70,
IAW - WINDSOR PLANT,300000117,BAG F4L CLMP UN LITTER 40LB,1,MAGALIE SENECAL-J.,2700,RG1000,70,
IAW - WINDSOR PLANT,300000118,BAG F4L CLMP OB 40LB,1,MAGALIE SENECAL-J.,2900,RG1000,70,
IAW - WINDSOR PLANT,300000121,BAG SIMPLE 40LB,1,MAGALIE SENECAL-J.,6000,RG1000,70,
IAW - WINDSOR PLANT,300000122,BAG PLAIN WHITE 40LB,1,MAGALIE SENECAL-J.,1500,RG1000,70,
IAW - WINDSOR PLANT,300000123,LB CAT MAGIC LESS TRACK UN 25LB,2,ISABELLE PICARD,5000,RG1000,120,
IAW - WINDSOR PLANT,300000124,PLAIN LID,3,NANCY QUESSY,0,RG4000,0,
IAW - WINDSOR PLANT,300000125,BOXIECAT EXTRA UN 16LB Bag - Exp - 146,3,NANCY QUESSY,0,RG1000,30,
IAW - WINDSOR PLANT,300000126,LINER PKG 28LB HEB POURABLE BOX,3,NANCY QUESSY,0,RG3000,60,
IAW - WINDSOR PLANT,300000127,LINER PKG 40LB HEB POURABLE BOX,3,NANCY QUESSY,0,RG3000,60,
IAW - WINDSOR PLANT,300000128,BAG INTERSAND ODOUR BUSTER MC ENG/SPAN S,1,MAGALIE SENECAL-J.,0,RG1000,70,
IAW - WINDSOR PLANT,300000129,PAIL SO PHRESH ADV.OC UN 30LB GREEN,3,NANCY QUESSY,0,RG4000,60,
IAW - WINDSOR PLANT,300000130,LID-PAIL SO PHRESH ADV.OC UN 30LB GREEN,3,NANCY QUESSY,6000,RG4000,60,
IAW - WINDSOR PLANT,300000131,PAIL SO PHRESH ADV.OC SC 30LB RED,3,NANCY QUESSY,0,RG4000,60,
IAW - WINDSOR PLANT,300000132,LID-PAIL SO PHRESH DO MULTI SC 30LB RED,3,NANCY QUESSY,3000,RG4000,60,
IAW - WINDSOR PLANT,300000133,BAG SO PHRESH ADV.OC UN 40LB,1,MAGALIE SENECAL-J.,0,RG1000,70,
IAW - WINDSOR PLANT,300000134,BAG (RL) - ODOR LOCK BP 25LB V3,2,ISABELLE PICARD,0,RG1000,150,
IAW - WINDSOR PLANT,300000135,BAG (RL) - ODOR LOCK UN 13 LB V3,2,ISABELLE PICARD,0,RG1000,150,
IAW - WINDSOR PLANT,300000137,BAG (RL) - ODOR LOCK LA 13 LB V3,2,ISABELLE PICARD,0,RG1000,150,
IAW - WINDSOR PLANT,300000138,BAG (RL) - ODOR LOCK LA 25LB V3,2,ISABELLE PICARD,0,RG1000,150,
IAW - WINDSOR PLANT,300000139,BAG (RL) - ODOR LOCK CB 25LB V3,2,ISABELLE PICARD,0,RG1000,150,
IAW - WINDSOR PLANT,300000141,BAG KITTY POO UN 15LB,1,MAGALIE SENECAL-J.,0,RG1000,70,
IAW - WINDSOR PLANT,300000142,POLY BAG HOLLYWOOD UN CLEAR BAG 20 LB,1,MAGALIE SENECAL-J.,0,RG1000,70,
IAW - WINDSOR PLANT,300000143,POLY BAG HOLLYWOOD SC CLEAR BAG 20 LB,1,MAGALIE SENECAL-J.,900,RG1000,70,
IAW - WINDSOR PLANT,300000201,BAG BLAIN HB 20LB,1,MAGALIE SENECAL-J.,0,RG1000,70,
IAW - WINDSOR PLANT,300000306,NEW BAG SO PHRESH ADV.OC UN 40LB,1,MAGALIE SENECAL-J.,50000,RG1000,70,
IAW - WINDSOR PLANT,300000307,NEW PAIL SO PHRESH ADV.OC UN 30LB GREEN,3,NANCY QUESSY,6000,RG4000,60,
IAW - WINDSOR PLANT,300000308,NEW PAIL SO PHRESH ADV.OC SC 30LB RED,3,NANCY QUESSY,3000,RG4000,60,
IAW - WINDSOR PLANT,300000309,PAIL PSP UN 35LB - 14 day OC,3,NANCY QUESSY,2500,RG4000,60,
IAW - WINDSOR PLANT,300000310,PAIL PSP LA 35LB - 14 day OC,3,NANCY QUESSY,2200,RG4000,60,
IAW - WINDSOR PLANT,300000311,PAIL PSP FS 35LB - 14 day OC,3,NANCY QUESSY,2200,RG4000,60,
IAW - WINDSOR PLANT,300000312,BAG PSP UN 20LB - 14 day OC,1,MAGALIE SENECAL-J.,1500,RG1000,70,
IAW - WINDSOR PLANT,300000313,BAG PSP LA 20LB - 14 day OC,1,MAGALIE SENECAL-J.,1000,RG1000,70,
IAW - WINDSOR PLANT,300000314,BAG PSP FS 20LB - 14 day OC,1,MAGALIE SENECAL-J.,1600,RG1000,70,
IAW - WINDSOR PLANT,300000315,BAG PSP UN 40LB - 14 day OC,1,MAGALIE SENECAL-J.,3000,RG1000,70,
IAW - WINDSOR PLANT,300000316,BAG PSP LA 40LB - 14 day OC,1,MAGALIE SENECAL-J.,1500,RG1000,60,
IAW - WINDSOR PLANT,300000317,BAG PSP FS 40LB - 14 day OC,1,MAGALIE SENECAL-J.,2500,RG1000,60,
IAW - WINDSOR PLANT,300000318,KAYLOR COUNTRY BLENDS 15LB BAG,1,MAGALIE SENECAL-J.,3000,RG1000,70,
IAW - WINDSOR PLANT,300000471,BAG (RL) ODOR LOCK UN 25LB,2,ISABELLE PICARD,0,RG1000,150,
IAW - WINDSOR PLANT,300000472,BAG (RL) OL MAXCARE Un 25LB,2,ISABELLE PICARD,0,RG1000,150,
IAW - WINDSOR PLANT,300000495,BOX HEB PRO SC 42LB,3,NANCY QUESSY,2250,RG3000,2,
IAW - WINDSOR PLANT,300000497,BAG (RL) ODOR LOCK UN 25LB V3,2,ISABELLE PICARD,50000,RG1000,150,
IAW - WINDSOR PLANT,300000498,BAG BOXIECAT PRO UN 40LB - 154C,3,NANCY QUESSY,0,RG1000,70,
IAW - WINDSOR PLANT,300000499,BAG BOXIECAT PRO UN 16LB - 130C,3,NANCY QUESSY,0,RG1000,2,
IAW - WINDSOR PLANT,300000500,BAG BOXIECAT ORIGINAL SC 28LB - 103C,3,NANCY QUESSY,0,RG1000,2,
IAW - WINDSOR PLANT,300000501,BAG BOXIECAT PRO UN 28LB - 131C,3,NANCY QUESSY,0,RG1000,2,
IAW - WINDSOR PLANT,300000502,BAG BOXIECAT ORIGINAL UN 28LB - 101C,3,NANCY QUESSY,0,RG1000,2,
IAW - WINDSOR PLANT,300000503,BAG BOXIECAT EXTRA UN 28LB - 105C,3,NANCY QUESSY,0,RG1000,2,
IAW - WINDSOR PLANT,300000504,BAG KITTY POO UN 15LB,1,MAGALIE SENECAL-J.,12500,RG1000,70,
IAW - WINDSOR PLANT,300000505,BAG (RL) OL MAXCARE UN 25LB V3,2,ISABELLE PICARD,12000,RG1000,150,
IAW - WINDSOR PLANT,300000516,BAG FRISCO UN 40LB 6 MIL,1,MAGALIE SENECAL-J.,0,RG1000,70,
IAW - WINDSOR PLANT,300000517,BAG FRISCO FB 40LB 6 MIL,1,MAGALIE SENECAL-J.,0,RG1000,70,
IAW - WINDSOR PLANT,300000518,BAG FRISCO ODOR DEFENSE UN 35LB 5 MIL,1,MAGALIE SENECAL-J.,0,RG1000,70,
IAW - WINDSOR PLANT,300000519,BAG FRISCO TB 40LB 6 MIL,1,MAGALIE SENECAL-J.,0,RG1000,70,
IAW - WINDSOR PLANT,300000520,BAG FRISCO LA 40LB 6 MIL,1,MAGALIE SENECAL-J.,0,RG1000,70,
IAW - WINDSOR PLANT,300000521,BAG FRISCO BAKING SODA UN 40LB 6 MIL,1,MAGALIE SENECAL-J.,0,RG1000,70,
IAW - WINDSOR PLANT,300000522,BAG FRISCO CLUMPING CR 20LB 5 MIL,1,MAGALIE SENECAL-J.,0,RG1000,70,
IAW - WINDSOR PLANT,300000523,CHEWY MC UN CLUMPING  40LB BAG,1,MAGALIE SENECAL-J.,0,RG1000,70,
IAW - WINDSOR PLANT,300000524,CHEWY MC FB CLUMPING  40LB BAG,1,MAGALIE SENECAL-J.,0,RG1000,70,
IAW - WINDSOR PLANT,300000525,CHEWY  OD UN CLUMPING 35LB BAG,1,MAGALIE SENECAL-J.,0,RG1000,70,
IAW - WINDSOR PLANT,300000526,CHEWY OD LA CLUMPING  35LB BAG,1,MAGALIE SENECAL-J.,0,RG1000,70,
IAW - WINDSOR PLANT,300000527,CHEWY MC FB CLUMPING 20LB BAG,1,MAGALIE SENECAL-J.,0,RG1000,70,
IAW - WINDSOR PLANT,300000528,CHEWY TB  CLUMPING  40LB BAG,1,MAGALIE SENECAL-J.,0,RG1000,70,
IAW - WINDSOR PLANT,300000529,CHEWY LA CLUMPING  40LB BAG,1,MAGALIE SENECAL-J.,0,RG1000,70,
IAW - WINDSOR PLANT,300000532,BOX COSTCO QUALICAT MAX UN 18.14 KG,3,NANCY QUESSY,0,RG3000,2,
IAW - WINDSOR PLANT,300000533,PET FOOD EXPRESS (PFX) 15LB UN BAG,1,MAGALIE SENECAL-J.,0,RG1000,70,
IAW - WINDSOR PLANT,300000534,PET FOOD EXPRESS (PFX) 30LB UN BAG,1,MAGALIE SENECAL-J.,0,RG1000,70,
IAW - WINDSOR PLANT,300000535,PET FOOD EXPRESS (PFX) 30LB LA BAG,1,MAGALIE SENECAL-J.,0,RG1000,70,
IAW - WINDSOR PLANT,300000536,BAG FRISCO CLUMPING FB 20LB 5MIL,1,MAGALIE SENECAL-J.,10000,RG1000,70,
IAW - WINDSOR PLANT,300000632,BOX COSTCO QUALICAT MAX UN 18.14 KG,3,NANCY QUESSY,0,RG3000,2,
IAW - WINDSOR PLANT,300000633,BAG BOXIECAT PRO Un 40LB - 154D,3,NANCY QUESSY,62000,RG1000,70,
IAW - WINDSOR PLANT,300000634,BAG BOXIECAT PRO Un 16LB - 130D,3,NANCY QUESSY,18000,RG1000,2,
IAW - WINDSOR PLANT,300000635,BAG BOXIECAT PRO UN 28LB - 131D,3,NANCY QUESSY,22000,RG1000,2,
IAW - WINDSOR PLANT,300000636,BOX OL MAXCARE Un 25LB,2,ISABELLE PICARD,12000,RG3000,150,
IAW - WINDSOR PLANT,300000637,BOX ODORLOCK Un 25LB,2,ISABELLE PICARD,50000,RG3000,150,
IAW - WINDSOR PLANT,300000638,BAG ODOUR BUSTER MC Un 12KG,1,MAGALIE SENECAL-J.,0,RG1000,0,
IAW - WINDSOR PLANT,300000645,BAG BOXIECAT PRO BOT 16LB - BOT,3,NANCY QUESSY,20000,RG1000,2,
IAW - WINDSOR PLANT,300000646,LB ODOR LOCK Un 25LB US,2,ISABELLE PICARD,0,RG1000,150,
IAW - WINDSOR PLANT,300000656,BAG KITTY POO Sc 15LB,1,MAGALIE SENECAL-J.,0,RG1000,70,
IAW - WINDSOR PLANT,300000657,BAG SO PHRESH ADV. OC Un 40LB,1,MAGALIE SENECAL-J.,0,RG1000,70,
IAW - WINDSOR PLANT,300000663,LB ODOR LOCK LA 25LB US,2,ISABELLE PICARD,0,RG1000,150,
IAW - WINDSOR PLANT,400000000,EXTENSIBLE FILM ROBOT R-122 80G 20X5500,41,VINCENT B.GUILBERT,637.6,RP3000,30,
IAW - WINDSOR PLANT,400000001,SLIP SHEET,3,NANCY QUESSY,2589,RP3000,5,
IAW - WINDSOR PLANT,400000004,SHEETING 70''X2MIL,3,NANCY QUESSY,1135.8,RP3000,0,
IAW - WINDSOR PLANT,400000005,HT DISP PALLET 40 X 48 4 WAY,3,NANCY QUESSY,520,RP1000,15,
IAW - WINDSOR PLANT,400000006,NEW HT DISP PALLET 40 X 48 4 WAY,3,NANCY QUESSY,520,RP1000,15,
IAW - WINDSOR PLANT,400000007,PECO PALLET 40 X 48,3,NANCY QUESSY,150,RP1000,15,
IAW - WINDSOR PLANT,400000008,Intertape # 6100 48cs/pallet,41,VINCENT B.GUILBERT,2285.28,RP3000,30,
IAW - WINDSOR PLANT,400000009,Intertape # 7100 48cs/pallet,41,VINCENT B.GUILBERT,2285.28,RP3000,30,
IAW - WINDSOR PLANT,400000010,BULK BAG (EMPTY) 35 X 35 X 50,3,NANCY QUESSY,150,RG1000,30,
IAW - WINDSOR PLANT,500000022,BLÜCARE 15G FOR MAXCARE (SB 5X88),3,NANCY QUESSY,4000,RA5000,1,
IAW - WINDSOR PLANT,500000024,SC STONE HERBAL PINE (HP) 400KG TOTE,3,NANCY QUESSY,100,RA6000,0,
IAW - WINDSOR PLANT,500000025,SC STONE BABY POWDER (BP) 400KG TOTE,3,NANCY QUESSY,100,RA6000,0,
IAW - WINDSOR PLANT,500000026,SC STONE FRESH STEP (FT) 400KG TOTE,3,NANCY QUESSY,400,RA6000,0,
IAW - WINDSOR PLANT,500000027,SC STONE CHAMOMILE (CH) 400 KG TOTE,3,NANCY QUESSY,400,RA6000,0,
IAW - WINDSOR PLANT,500000028,SC STONE TC ORIGINAL 400 KG TOTE,3,NANCY QUESSY,800,RA6000,0,
IAW - WINDSOR PLANT,500000029,SC STONE LAVENDER (LA) 400KG TOTE,3,NANCY QUESSY,800,RA6000,0,
IAW - WINDSOR PLANT,500000030,SC STONE FRESH BREEZE (FB) 400KG TOTE,3,NANCY QUESSY,1200,RA6000,0,
IAW - WINDSOR PLANT,500000031,SC STONE MANGO POME GRANATE (MP),3,NANCY QUESSY,300,RA6000,0,
IAW - WINDSOR PLANT,500000032,SC STONE NORDIC FOREST (NF) 400KG TOTE,3,NANCY QUESSY,0,RA6000,0,
IAW - WINDSOR PLANT,500000033,SC STONE HONEY SUCKLE (HS) 400KG TOTE,3,NANCY QUESSY,200,RA6000,0,
IAW - WINDSOR PLANT,500000034,SC STONE OLLAV-CHAMOMILE (OC) 400KG,3,NANCY QUESSY,200,RA6000,0,
IAW - WINDSOR PLANT,500000035,SC STONE CAM. & ROSE (CR) 400KG TOTE,3,NANCY QUESSY,150,RA6000,0,
IAW - WINDSOR PLANT,500000140,SC STONE FRESH CUT GRASS (FG) 400KG,3,NANCY QUESSY,0,RA6000,0,
ICB - BOUCHERVILLE PLANT,100000013,CALCIUM CARBONATE 16X60 MODIFIED,2,ISABELLE PICARD,0,RS3000,7,
ICB - BOUCHERVILLE PLANT,100000014,MONTMORILLONITE GRANULAR,2,ISABELLE PICARD,0,RS2000,1,
ICB - BOUCHERVILLE PLANT,200000021,HYDROQUINONE,3,NANCY QUESSY,0,RA1000,30,
ICB - BOUCHERVILLE PLANT,200000022,AF-50 ULTRATEFLON (DUST SUPPRESSANT),3,NANCY QUESSY,0,RA3000,1,
ICB - BOUCHERVILLE PLANT,200000024,SODIUM BICARBONATE (USP GRADE),3,NANCY QUESSY,0,RA2000,30,
ICB - BOUCHERVILLE PLANT,200000050,FRAGRANCE CHAMOMILE - U-14102,1,MAGALIE SENECAL-J.,0,RA6000,0,
ICB - BOUCHERVILLE PLANT,300000000,BAG ODOUR BUSTER MULTICAT UN 12KG,1,MAGALIE SENECAL-J.,0,RG1000,2,
ICB - BOUCHERVILLE PLANT,300000005,BAG IT'S JUST CAT LITTER 18KG,1,MAGALIE SENECAL-J.,0,RG1000,90,
ICB - BOUCHERVILLE PLANT,300000014,BAG CLASSIC BP 7KG,1,MAGALIE SENECAL-J.,0,RG1000,2,
ICB - BOUCHERVILLE PLANT,300000015,BAG CLASSIC UN 7KG,1,MAGALIE SENECAL-J.,0,RG1000,2,
ICB - BOUCHERVILLE PLANT,300000021,BAG ANISERCO TOM&CO GOOD BP 12KG EUR,1,MAGALIE SENECAL-J.,0,RG1000,2,
ICB - BOUCHERVILLE PLANT,300000071,LINER 14.5 X 11 0.00125 HD,2,ISABELLE PICARD,0,RG3000,2,
ICB - BOUCHERVILLE PLANT,300000301,BAG FRESSNAPF PE XL BP 12KG,1,MAGALIE SENECAL-J.,0,RG1000,2,
ICB - BOUCHERVILLE PLANT,300000302,BAG FRESSNAPF PURE Un 12KG,1,MAGALIE SENECAL-J.,0,RG1000,90,
ICB - BOUCHERVILLE PLANT,300000303,BAG FRESSNAPF PE Le 12KG,1,MAGALIE SENECAL-J.,0,RG1000,90,
ICB - BOUCHERVILLE PLANT,300000304,BAG FRESSNAPF SENS Un 12KG,1,MAGALIE SENECAL-J.,0,RG1000,1,
ICB - BOUCHERVILLE PLANT,300000305,BAG FRESSNAPF PE BP 12KG,1,MAGALIE SENECAL-J.,0,RG1000,1,
ICB - BOUCHERVILLE PLANT,300000319,BOX QUALICAT PI 22.7KG,1,MAGALIE SENECAL-J.,0,RG3000,2,
ICB - BOUCHERVILLE PLANT,300000320,LINER 1.5MIL 12 X 10 X 33,1,MAGALIE SENECAL-J.,0,RG3000,2,
ICB - BOUCHERVILLE PLANT,300000321,BAG CAT EX UN 18KG,1,MAGALIE SENECAL-J.,0,RG1000,2,
ICB - BOUCHERVILLE PLANT,300000322,BAG CLASSIC BP 14KG,1,MAGALIE SENECAL-J.,0,RG1000,2,
ICB - BOUCHERVILLE PLANT,300000323,BAG CLASSIC UN 14KG,1,MAGALIE SENECAL-J.,0,RG1000,2,
ICB - BOUCHERVILLE PLANT,300000324,BAG CLASSIC LA 14KG,1,MAGALIE SENECAL-J.,0,RG1000,2,
ICB - BOUCHERVILLE PLANT,300000325,BAG CLASSIC PF 14KG,1,MAGALIE SENECAL-J.,0,RG1000,2,
ICB - BOUCHERVILLE PLANT,300000328,BAG ODOUR LOCK BP 6KG,2,ISABELLE PICARD,0,RG1000,2,
ICB - BOUCHERVILLE PLANT,300000329,RECYC LAMINATED BAG ODOUR LOCK BP 6KG,2,ISABELLE PICARD,0,RG1000,2,
ICB - BOUCHERVILLE PLANT,300000330,LAMINATED BAG ODOUR LOCK BP 12KG,2,ISABELLE PICARD,0,RG1000,2,
ICB - BOUCHERVILLE PLANT,300000331,RECYC LAMINATED BAG ODOUR LOCK BP 12KG,2,ISABELLE PICARD,0,RG1000,2,
ICB - BOUCHERVILLE PLANT,300000332,BAG ODOUR LOCK BP 12KG,2,ISABELLE PICARD,0,RG1000,2,
ICB - BOUCHERVILLE PLANT,300000333,RECYC LAMINATED BAG ODOUR LOCK UN 6KG,2,ISABELLE PICARD,0,RG1000,2,
ICB - BOUCHERVILLE PLANT,300000334,LAMINATED BAG ODOUR LOCK UN 12KG,2,ISABELLE PICARD,0,RG1000,2,
ICB - BOUCHERVILLE PLANT,300000335,RECYC LAMINATED BAG ODOUR LOCK UN 12KG,2,ISABELLE PICARD,0,RG1000,2,
ICB - BOUCHERVILLE PLANT,300000336,POUCH ODOUR LOCK UN 12KG,2,ISABELLE PICARD,0,RG1000,2,
ICB - BOUCHERVILLE PLANT,300000337,RECYC LAMINATED BAG ODOUR LOCK CHLA 6KG,2,ISABELLE PICARD,0,RG1000,2,
ICB - BOUCHERVILLE PLANT,300000338,LAMINATED BAG ODOUR LOCK CHLA 12KG,2,ISABELLE PICARD,0,RG1000,2,
ICB - BOUCHERVILLE PLANT,300000339,RECY LAMINATED BAG ODOUR LOCK CHLA 12KG,2,ISABELLE PICARD,0,RG1000,2,
ICB - BOUCHERVILLE PLANT,300000340,POUCH ODOUR LOCK CHLA 6KG,2,ISABELLE PICARD,0,RG1000,2,
ICB - BOUCHERVILLE PLANT,300000341,RECYC LAMINATED BAG ODOUR LOCK CB 6KG,2,ISABELLE PICARD,0,RG1000,2,
ICB - BOUCHERVILLE PLANT,300000342,LAMINATED BAG ODOUR LOCK CB 12KG,2,ISABELLE PICARD,0,RG1000,2,
ICB - BOUCHERVILLE PLANT,300000343,RECYC LAMINATED BAG ODOUR LOCK CB 12KG,2,ISABELLE PICARD,0,RG1000,2,
ICB - BOUCHERVILLE PLANT,300000344,LAMINATED BAG MAXCARE UN 12KG,2,ISABELLE PICARD,0,RG1000,2,
ICB - BOUCHERVILLE PLANT,300000345,RECYC LAMINATED BAG MAXCARE UN 12KG,2,ISABELLE PICARD,0,RG1000,2,
ICB - BOUCHERVILLE PLANT,300000346,BAG SIMPLE UN 14KG,1,MAGALIE SENECAL-J.,0,RG1000,2,
ICB - BOUCHERVILLE PLANT,300000347,BAG SIMPLE UN 10KG,1,MAGALIE SENECAL-J.,0,RG1000,2,
ICB - BOUCHERVILLE PLANT,300000348,BAG SIMPLE UN 10KG,1,MAGALIE SENECAL-J.,0,RG1000,2,
ICB - BOUCHERVILLE PLANT,300000349,BAG ECOLIFE FB 5.5KG,1,MAGALIE SENECAL-J.,0,RG1000,2,
ICB - BOUCHERVILLE PLANT,300000350,BAG OB ORIGINAL UN 6KG,2,ISABELLE PICARD,0,RG1000,2,
ICB - BOUCHERVILLE PLANT,300000354,BAG ODOUR BUSTER MC UN 12KG,1,MAGALIE SENECAL-J.,0,RG1000,2,
ICB - BOUCHERVILLE PLANT,300000355,BAG ODOUR BUSTER ORIGINAL UN 14KG,1,MAGALIE SENECAL-J.,0,RG1000,2,
ICB - BOUCHERVILLE PLANT,300000376,BAG NOMADE BP 10KG,1,MAGALIE SENECAL-J.,0,RG1000,1,
ICB - BOUCHERVILLE PLANT,300000384,BAG  O'SELECT MA 14KG,1,MAGALIE SENECAL-J.,0,RG1000,90,
ICB - BOUCHERVILLE PLANT,300000385,BAG O'SELECT MA 14KG,1,MAGALIE SENECAL-J.,0,RG1000,2,
ICB - BOUCHERVILLE PLANT,300000386,BAG O'SELECT UN 10KG,1,MAGALIE SENECAL-J.,0,RG1000,2,
ICB - BOUCHERVILLE PLANT,300000387,BAG O'SELECT UN 10KG,1,MAGALIE SENECAL-J.,0,RG1000,2,
ICB - BOUCHERVILLE PLANT,300000388,BOX O'SELECT UN 18KG,1,MAGALIE SENECAL-J.,0,RG3000,2,
ICB - BOUCHERVILLE PLANT,300000389,BOX O'SELECT UN 18KG,1,MAGALIE SENECAL-J.,0,RG3000,2,
ICB - BOUCHERVILLE PLANT,300000390,BAG PLB PRONATURE BP 12KG,1,MAGALIE SENECAL-J.,0,RG1000,2,
ICB - BOUCHERVILLE PLANT,300000391,BAG PLB PRONATURE UN 12KG,1,MAGALIE SENECAL-J.,0,RG1000,2,
ICB - BOUCHERVILLE PLANT,300000392,BAG FRISCO ECO FB 20LB,1,MAGALIE SENECAL-J.,0,RG1000,2,
ICB - BOUCHERVILLE PLANT,300000393,BOX HUSSE UN 15KG,1,MAGALIE SENECAL-J.,0,RG3000,2,
ICB - BOUCHERVILLE PLANT,300000394,BAG BUSINESSCOM HARMONY BP 10KG,1,MAGALIE SENECAL-J.,0,RG1000,2,
ICB - BOUCHERVILLE PLANT,300000395,BAG BUSINESSCOM HARMONY LE 10KG,1,MAGALIE SENECAL-J.,0,RG1000,2,
ICB - BOUCHERVILLE PLANT,300000423,BAG PETEX UN 18KG,1,MAGALIE SENECAL-J.,0,RG1000,2,
ICB - BOUCHERVILLE PLANT,300000424,BAG PETEX PREMIUM UN 18KG,1,MAGALIE SENECAL-J.,0,RG1000,2,
ICB - BOUCHERVILLE PLANT,300000425,BAG AGRIFARMA NEXT CAT LE 10KG,1,MAGALIE SENECAL-J.,0,RG1000,2,
ICB - BOUCHERVILLE PLANT,300000426,BAG AGRIFARMA NEXT CAT UN 10KG,1,MAGALIE SENECAL-J.,0,RG1000,2,
ICB - BOUCHERVILLE PLANT,300000427,BAG AGRIFARMA NEXT CAT LA 10KG,1,MAGALIE SENECAL-J.,0,RG1000,2,
ICB - BOUCHERVILLE PLANT,300000428,BAG AGRIFARMA NEXT CAT BP 10KG,1,MAGALIE SENECAL-J.,0,RG1000,2,
ICB - BOUCHERVILLE PLANT,300000429,BAG ANISERCO TOM&CO BP 12KG,1,MAGALIE SENECAL-J.,0,RG1000,2,
ICB - BOUCHERVILLE PLANT,300000430,BAG ANISERCO TOM&CO GOOD BP 12KG EUR,1,MAGALIE SENECAL-J.,0,RG1000,2,
ICB - BOUCHERVILLE PLANT,300000431,BAG L4F LA 10KG,1,MAGALIE SENECAL-J.,0,RG1000,2,
ICB - BOUCHERVILLE PLANT,300000432,BAG L4F UN 10KG,1,MAGALIE SENECAL-J.,0,RG1000,2,
ICB - BOUCHERVILLE PLANT,300000433,BAG L4F OB 10KG,1,MAGALIE SENECAL-J.,0,RG1000,2,
ICB - BOUCHERVILLE PLANT,300000434,BAG L4F MULTICHAT UN 10KG,1,MAGALIE SENECAL-J.,0,RG1000,2,
ICB - BOUCHERVILLE PLANT,300000435,BAG L4F UN 14KG,1,MAGALIE SENECAL-J.,0,RG1000,2,
ICB - BOUCHERVILLE PLANT,300000436,BAG L4F LA 7KG,1,MAGALIE SENECAL-J.,0,RG1000,2,
ICB - BOUCHERVILLE PLANT,300000437,BAG L4F OB 14KG,1,MAGALIE SENECAL-J.,0,RG1000,2,
ICB - BOUCHERVILLE PLANT,300000438,BAG CROCI SUPREME UN 10KG,1,MAGALIE SENECAL-J.,0,RG1000,2,
ICB - BOUCHERVILLE PLANT,300000439,BAG CROCI SUPREME EU 10KG,1,MAGALIE SENECAL-J.,0,RG1000,2,
ICB - BOUCHERVILLE PLANT,300000440,BAG PET LOVERS TRUSTIE UN 8.1KG,1,MAGALIE SENECAL-J.,0,RG1000,2,
ICB - BOUCHERVILLE PLANT,300000441,BAG PET LOVERS TRUS PRE UN 12KG,1,MAGALIE SENECAL-J.,0,RG1000,2,
ICB - BOUCHERVILLE PLANT,300000458,LAMINATED BAG MUSTI CC LT Un 10KG,2,ISABELLE PICARD,0,RG1000,150,
ICB - BOUCHERVILLE PLANT,300000459,BAG (RL) MUSTI CC LT Un 10KG,2,ISABELLE PICARD,0,RG1000,1,
ICB - BOUCHERVILLE PLANT,300000460,BAG MATINA TIGERINO PI 12KG,1,MAGALIE SENECAL-J.,0,RG1000,2,
ICB - BOUCHERVILLE PLANT,300000461,BAG MATINA TIGERINO OB 12KG,1,MAGALIE SENECAL-J.,0,RG1000,2,
ICB - BOUCHERVILLE PLANT,300000462,BAG MATINA TIGERINO MAX OC 12KG,1,MAGALIE SENECAL-J.,0,RG1000,2,
ICB - BOUCHERVILLE PLANT,300000463,BAG L4F UN 7KG,1,MAGALIE SENECAL-J.,0,RG1000,2,
ICB - BOUCHERVILLE PLANT,300000470,BAG CAT EX UN 10KG,1,MAGALIE SENECAL-J.,0,RG1000,2,
ICB - BOUCHERVILLE PLANT,300000480,BAG CLAIR 14-15-16 KG,1,MAGALIE SENECAL-J.,0,RG1000,0,
ICB - BOUCHERVILLE PLANT,300000488,SUPER BAG (tote bag) 36x36x36 ( pour PP),1,MAGALIE SENECAL-J.,0,RG1000,0,
ICB - BOUCHERVILLE PLANT,300000490,BAG INTERSAND CAT EX PB 10 KG,1,MAGALIE SENECAL-J.,0,RG1000,1,
ICB - BOUCHERVILLE PLANT,300000491,BAG PETEX BABY POWDER 16KG,1,MAGALIE SENECAL-J.,0,RG1000,2,
ICB - BOUCHERVILLE PLANT,300000493,BAG INTERSAND PROA MAIS 9.1KG,1,MAGALIE SENECAL-J.,0,RG1000,2,
ICB - BOUCHERVILLE PLANT,300000494,BAG FRESSNAPF CHBL 12KG,1,MAGALIE SENECAL-J.,0,RG1000,90,
ICB - BOUCHERVILLE PLANT,300000506,BAG BUSINESSCOM HARMONY BP 10KG,1,MAGALIE SENECAL-J.,0,RG1000,2,
ICB - BOUCHERVILLE PLANT,300000507,BAG (RL) - ODOUR LOCK BP 12KG V3,2,ISABELLE PICARD,0,RG1000,2,
ICB - BOUCHERVILLE PLANT,300000508,BAG (RL) - ODOUR LOCK UN 12KG V3,2,ISABELLE PICARD,0,RG1000,2,
ICB - BOUCHERVILLE PLANT,300000509,BAG (RL) - ODOUR LOCK CHLA 12KG V3,2,ISABELLE PICARD,0,RG1000,2,
ICB - BOUCHERVILLE PLANT,300000510,BAG (RL) - ODOUR LOCK CB 12KG V3,2,ISABELLE PICARD,0,RG1000,2,
ICB - BOUCHERVILLE PLANT,300000511,BAG (RL) - ODOUR LOCK BP 6KG V3,2,ISABELLE PICARD,0,RG1000,2,
ICB - BOUCHERVILLE PLANT,300000512,BAG (RL) - ODOUR LOCK UN 6KG V3,2,ISABELLE PICARD,0,RG1000,2,
ICB - BOUCHERVILLE PLANT,300000513,BAG (RL) - ODOUR LOCK CHLA 6KG V3,2,ISABELLE PICARD,0,RG1000,2,
ICB - BOUCHERVILLE PLANT,300000514,BAG (RL) - ODOUR LOCK CB 6KG V3,2,ISABELLE PICARD,0,RG1000,2,
ICB - BOUCHERVILLE PLANT,300000515,BAG (RL) OL MAXCARE UN 12KG V3,2,ISABELLE PICARD,0,RG1000,2,
ICB - BOUCHERVILLE PLANT,300000530,BAG ANISERCO TOM&CO GOOD UN 12KG EUR,1,MAGALIE SENECAL-J.,0,RG1000,2,
ICB - BOUCHERVILLE PLANT,300000531,BAG ANISERCO TOM&CO GOOD BP 7KG EUR,1,MAGALIE SENECAL-J.,0,RG1000,2,
ICB - BOUCHERVILLE PLANT,300000538,LAMINATED BAG MUSTI CC LT 10KG,2,ISABELLE PICARD,0,RG1000,1,
ICB - BOUCHERVILLE PLANT,300000540,BOX QUALICAT EXTRA PI 22.7KG,1,MAGALIE SENECAL-J.,0,RG3000,2,
ICB - BOUCHERVILLE PLANT,300000550,BAG CLASSIC CARBON 12KG,1,MAGALIE SENECAL-J.,0,RG1000,2,
ICB - BOUCHERVILLE PLANT,300000630,BAG ANISERCO TOM&CO GOOD BP XL 12KG EUR,1,MAGALIE SENECAL-J.,0,RG1000,2,
ICB - BOUCHERVILLE PLANT,300000639,BOX ODOUR BUSTER MC Un 11KG,2,ISABELLE PICARD,0,RG3000,2,
ICB - BOUCHERVILLE PLANT,300000640,BOX ODOUR BUSTER MC Sc 11KG,2,ISABELLE PICARD,0,RG3000,2,
ICB - BOUCHERVILLE PLANT,300000647,BAG HUSSE Un 12KG,1,MAGALIE SENECAL-J.,0,RG1000,90,
ICB - BOUCHERVILLE PLANT,300000648,LB ODOUR LOCK BP 12kg,2,ISABELLE PICARD,0,RG1000,2,
ICB - BOUCHERVILLE PLANT,300000649,LB ODOUR LOCK UN 12kg,2,ISABELLE PICARD,0,RG1000,2,
ICB - BOUCHERVILLE PLANT,300000650,LB ODOUR LOCK CHLA 12kg,2,ISABELLE PICARD,0,RG1000,2,
ICB - BOUCHERVILLE PLANT,300000651,LB ODOUR LOCK CB 12kg,2,ISABELLE PICARD,0,RG1000,2,
ICB - BOUCHERVILLE PLANT,300000655,LAMINATED BAG MUSTI CC LT Un 10KG,2,ISABELLE PICARD,0,RG1000,1,
ICB - BOUCHERVILLE PLANT,300000658,LABEL BOX QUALICAT 22.7KG FRANCE,1,MAGALIE SENECAL-J.,0,RG9000,2,
ICB - BOUCHERVILLE PLANT,300000659,BAG CROCI SUPREME Un 10KG,1,MAGALIE SENECAL-J.,0,RG1000,2,
ICB - BOUCHERVILLE PLANT,300000660,BAG CROCI SUPREME Eu 10KG,1,MAGALIE SENECAL-J.,0,RG1000,2,
ICB - BOUCHERVILLE PLANT,400000000,EXTENSIBLE FILM ROBOT R-122 80G 20X5500,41,VINCENT B.GUILBERT,0,RP3000,1,
ICB - BOUCHERVILLE PLANT,400000001,SLIP SHEET,1,MAGALIE SENECAL-J.,0,RP3000,2,
ICB - BOUCHERVILLE PLANT,400000002,710229 - TRAY PALETTE EURO,1,MAGALIE SENECAL-J.,0,RP3000,90,
ICB - BOUCHERVILLE PLANT,400000003,TRAY PALETTE CAD,1,MAGALIE SENECAL-J.,0,RP3000,90,
ICB - BOUCHERVILLE PLANT,400000004,SHEETING 70''X2MIL,1,MAGALIE SENECAL-J.,0,RP3000,1,
ICB - BOUCHERVILLE PLANT,400000005,HT DISP PALLET 40 X 48 4 WAY,1,MAGALIE SENECAL-J.,0,RP1000,5,
ICB - BOUCHERVILLE PLANT,400000007,PECO PALLET 40 X 48,1,MAGALIE SENECAL-J.,0,RP1000,5,
ICB - BOUCHERVILLE PLANT,400000008,Intertape # 6100 48cs/pallet,41,VINCENT B.GUILBERT,0,RP3000,60,
ICB - BOUCHERVILLE PLANT,400000009,Intertape # 7100 48cs/pallet,41,VINCENT B.GUILBERT,0,RP3000,60,
ICB - BOUCHERVILLE PLANT,400000011,FILM ROBOT EXTENSIBLE 115G,41,VINCENT B.GUILBERT,0,RP3000,30,
ICB - BOUCHERVILLE PLANT,400000012,FILM ROBOT EXTENSIBLE 20 x 55G x6000,1,MAGALIE SENECAL-J.,0,RP3000,30,
ICB - BOUCHERVILLE PLANT,400000013,EURO SLIP SHEET - 32X48,1,MAGALIE SENECAL-J.,0,RP3000,2,
ICB - BOUCHERVILLE PLANT,400000014,"TOP SHEET 60""X72"" CLAIR 1MIL  ROULEAUX",41,VINCENT B.GUILBERT,0,RP3000,1,
ICB - BOUCHERVILLE PLANT,400000015,EURO PALLET HT,1,MAGALIE SENECAL-J.,0,RP1000,7,
ICB - BOUCHERVILLE PLANT,400000016,CHEP PALLET (40 X 48),1,MAGALIE SENECAL-J.,0,RP1000,5,
ICB - BOUCHERVILLE PLANT,400000017,DISPOSABLE PALLET (40X48),1,MAGALIE SENECAL-J.,0,RP1000,5,
ICB - BOUCHERVILLE PLANT,400000018,710230 - PAD 3 COTE PALETTE EURO,2,ISABELLE PICARD,0,RP3000,90,
ICB - BOUCHERVILLE PLANT,400000019,PAD 3 COTE PALETTE CAD,2,ISABELLE PICARD,0,RP3000,90,
ICB - BOUCHERVILLE PLANT,400000022,SLIP SHEET 48 X 32,1,MAGALIE SENECAL-J.,0,RP3000,0,
ICB - BOUCHERVILLE PLANT,400000024,"TOP SHEET 13,5 X 1450 CS/4",1,MAGALIE SENECAL-J.,0,RP3000,0,
ICB - BOUCHERVILLE PLANT,400000026,INFLATABLE SHIPPING BAGS 96'',1,MAGALIE SENECAL-J.,0,RP3000,30,
ICB - BOUCHERVILLE PLANT,400000027,INFLATABLE SHIPPING BAGS 120'',1,MAGALIE SENECAL-J.,0,RP3000,30,
ICB - BOUCHERVILLE PLANT,400000028,CHEP INTERNATIONAL PALLET (40 X 48),1,MAGALIE SENECAL-J.,0,RP1000,5,
ICB - BOUCHERVILLE PLANT,500000022,BLÜCARE 15G FOR MAXCARE (SB 5X88),41,VINCENT B.GUILBERT,0,RA5000,1,
ICE - ETOBICOKE PLANT,100000003,LIMESTONE / DOLOMITE,2,ISABELLE PICARD,0,RS3000,7,
ICE - ETOBICOKE PLANT,100000013,CALCIUM CARBONATE 16X60 MODIFIED,2,ISABELLE PICARD,0,RS3000,7,
ICE - ETOBICOKE PLANT,100000014,MONTMORILLONITE GRANULAR,2,ISABELLE PICARD,0,RS2000,30,
ICE - ETOBICOKE PLANT,200000021,HYDROQUINONE,3,NANCY QUESSY,0,RA1000,30,
ICE - ETOBICOKE PLANT,200000022,AF-50 ULTRATEFLON (DUST SUPPRESSANT),1,MAGALIE SENECAL-J.,200,RA3000,7,
ICE - ETOBICOKE PLANT,200000024,SODIUM BICARBONATE (USP GRADE),1,MAGALIE SENECAL-J.,0,RA2000,30,
ICE - ETOBICOKE PLANT,200000025,OXPURE ACTIVATED CARBON,1,MAGALIE SENECAL-J.,200,RA1000,90,
ICE - ETOBICOKE PLANT,300000000,BAG ODOUR BUSTER MULTICAT UN 12KG,1,MAGALIE SENECAL-J.,0,RG1000,2,
ICE - ETOBICOKE PLANT,300000005,BAG IT'S JUST CAT LITTER 18KG,1,MAGALIE SENECAL-J.,0,RG1000,90,
ICE - ETOBICOKE PLANT,300000050,BOX COSTCO QUALICAT MAX UN 18.14 KG,3,NANCY QUESSY,0,RG3000,0,
ICE - ETOBICOKE PLANT,300000071,LINER 14.5 X 11 0.00125 HD,1,MAGALIE SENECAL-J.,0,RG3000,0,
ICE - ETOBICOKE PLANT,300000116,BAG F4L CLMP MC LITTER 40LB,1,MAGALIE SENECAL-J.,0,RG1000,0,
ICE - ETOBICOKE PLANT,300000117,BAG F4L CLMP UN LITTER 40LB,1,MAGALIE SENECAL-J.,0,RG1000,70,
ICE - ETOBICOKE PLANT,300000118,BAG F4L CLMP OB 40LB,1,MAGALIE SENECAL-J.,0,RG1000,70,
ICE - ETOBICOKE PLANT,300000301,BAG FRESSNAPF PE XL BP 12KG,1,MAGALIE SENECAL-J.,0,RG1000,7,
ICE - ETOBICOKE PLANT,300000302,BAG FRESSNAPF PURE Un 12KG,1,MAGALIE SENECAL-J.,0,RG1000,90,
ICE - ETOBICOKE PLANT,300000303,BAG FRESSNAPF PE Le 12KG,1,MAGALIE SENECAL-J.,0,RG1000,90,
ICE - ETOBICOKE PLANT,300000304,BAG FRESSNAPF SENS Un 12KG,1,MAGALIE SENECAL-J.,0,RG1000,7,
ICE - ETOBICOKE PLANT,300000305,BAG FRESSNAPF PE BP 12KG,1,MAGALIE SENECAL-J.,0,RG1000,7,
ICE - ETOBICOKE PLANT,300000319,BOX QUALICAT PI 22.7KG,1,MAGALIE SENECAL-J.,0,RG3000,14,
ICE - ETOBICOKE PLANT,300000320,LINER 1.5MIL 12 X 10 X 33,1,MAGALIE SENECAL-J.,75000,RG3000,90,
ICE - ETOBICOKE PLANT,300000322,BAG CLASSIC BP 14KG,1,MAGALIE SENECAL-J.,0,RG1000,2,
ICE - ETOBICOKE PLANT,300000323,BAG CLASSIC UN 14KG,1,MAGALIE SENECAL-J.,0,RG1000,2,
ICE - ETOBICOKE PLANT,300000324,BAG CLASSIC LA 14KG,1,MAGALIE SENECAL-J.,0,RG1000,2,
ICE - ETOBICOKE PLANT,300000325,BAG CLASSIC PF 14KG,1,MAGALIE SENECAL-J.,0,RG1000,2,
ICE - ETOBICOKE PLANT,300000326,BAG F4L CLMP ODOR DESTROYER LITTER 40LB,1,MAGALIE SENECAL-J.,26000,RG1000,90,
ICE - ETOBICOKE PLANT,300000327,BAG F4L CLMP ODOR DESTROYER LITTER 18LB,1,MAGALIE SENECAL-J.,4500,RG1000,90,
ICE - ETOBICOKE PLANT,300000330,LAMINATED BAG ODOUR LOCK BP 12KG,1,MAGALIE SENECAL-J.,0,RG1000,14,
ICE - ETOBICOKE PLANT,300000334,LAMINATED BAG ODOUR LOCK UN 12KG,1,MAGALIE SENECAL-J.,0,RG1000,5,
ICE - ETOBICOKE PLANT,300000337,RECYC LAMINATED BAG ODOUR LOCK CHLA 6KG,2,ISABELLE PICARD,0,RG1000,2,
ICE - ETOBICOKE PLANT,300000338,LAMINATED BAG ODOUR LOCK CHLA 12KG,1,MAGALIE SENECAL-J.,0,RG1000,5,
ICE - ETOBICOKE PLANT,300000341,RECYC LAMINATED BAG ODOUR LOCK CB 6KG,2,ISABELLE PICARD,0,RG1000,2,
ICE - ETOBICOKE PLANT,300000342,LAMINATED BAG ODOUR LOCK CB 12KG,1,MAGALIE SENECAL-J.,0,RG1000,5,
ICE - ETOBICOKE PLANT,300000345,RECYC LAMINATED BAG MAXCARE UN 12KG,2,ISABELLE PICARD,0,RG1000,2,
ICE - ETOBICOKE PLANT,300000346,BAG SIMPLE UN 14KG,1,MAGALIE SENECAL-J.,0,RG1000,2,
ICE - ETOBICOKE PLANT,300000348,BAG SIMPLE UN 10KG,1,MAGALIE SENECAL-J.,0,RG1000,2,
ICE - ETOBICOKE PLANT,300000350,BAG OB ORIGINAL UN 6KG,1,MAGALIE SENECAL-J.,0,RG1000,2,
ICE - ETOBICOKE PLANT,300000351,BAG OB ORIGINAL UN 6.4KG,1,MAGALIE SENECAL-J.,0,RG1000,90,
ICE - ETOBICOKE PLANT,300000352,BAG OB MC UN 12KG,1,MAGALIE SENECAL-J.,0,RG1000,2,
ICE - ETOBICOKE PLANT,300000354,BAG ODOUR BUSTER MC UN 12KG,1,MAGALIE SENECAL-J.,0,RG1000,0,
ICE - ETOBICOKE PLANT,300000355,BAG ODOUR BUSTER ORIGINAL UN 14KG,1,MAGALIE SENECAL-J.,0,RG1000,2,
ICE - ETOBICOKE PLANT,300000408,BAG GAGNON BP 16KG,1,MAGALIE SENECAL-J.,0,RG1000,90,
ICE - ETOBICOKE PLANT,300000409,BAG GAGNON UN 18KG,1,MAGALIE SENECAL-J.,0,RG1000,90,
ICE - ETOBICOKE PLANT,300000410,BAG PETZEBA KYLI BP 14KG,1,MAGALIE SENECAL-J.,0,RG1000,90,
ICE - ETOBICOKE PLANT,300000411,BAG NORMAN BP 18KG,1,MAGALIE SENECAL-J.,0,RG1000,90,
ICE - ETOBICOKE PLANT,300000412,BAG NORMAN UN 18KG,1,MAGALIE SENECAL-J.,0,RG1000,90,
ICE - ETOBICOKE PLANT,300000413,BAG HTZ SILVER SAND BP 15KG,1,MAGALIE SENECAL-J.,0,RG1000,90,
ICE - ETOBICOKE PLANT,300000414,BAG HTZ SILVER SAND UN 15KG,1,MAGALIE SENECAL-J.,0,RG1000,90,
ICE - ETOBICOKE PLANT,300000415,BAG PEAVEY HARVEST LIT SC 10KG,1,MAGALIE SENECAL-J.,0,RG1000,90,
ICE - ETOBICOKE PLANT,300000416,BAG PEAVEY HARVEST LIT UN 10KG,1,MAGALIE SENECAL-J.,0,RG1000,90,
ICE - ETOBICOKE PLANT,300000417,BAG PEAVEY HARVEST CARBON UN 10KG,1,MAGALIE SENECAL-J.,0,RG1000,90,
ICE - ETOBICOKE PLANT,300000418,BAG PEAVEY HARVEST LITTER SC 18KG,1,MAGALIE SENECAL-J.,0,RG1000,90,
ICE - ETOBICOKE PLANT,300000419,BAG PEAVEY HARVEST LITTER UN 18KG,1,MAGALIE SENECAL-J.,0,RG1000,90,
ICE - ETOBICOKE PLANT,300000420,BAG PRACTICAT BP 7KG,1,MAGALIE SENECAL-J.,8000,RG1000,90,
ICE - ETOBICOKE PLANT,300000421,BAG PRACTICAT BP 12KG,1,MAGALIE SENECAL-J.,0,RG1000,90,
ICE - ETOBICOKE PLANT,300000422,BAG PRACTICAT BP 14KG,1,MAGALIE SENECAL-J.,7500,RG1000,90,
ICE - ETOBICOKE PLANT,300000442,BAG MUSTI CC MC BP 14KG,1,MAGALIE SENECAL-J.,0,RG1000,90,
ICE - ETOBICOKE PLANT,300000443,BAG MUSTI CC MC BP 14KG,1,MAGALIE SENECAL-J.,0,RG1000,90,
ICE - ETOBICOKE PLANT,300000444,LAMINATED BAG MUSTI CC SENS. Un 10KG,2,ISABELLE PICARD,0,RG1000,150,
ICE - ETOBICOKE PLANT,300000445,BAG (RL) MUSTI CC SENS. Un 10KG,1,MAGALIE SENECAL-J.,0,RG1000,14,
ICE - ETOBICOKE PLANT,300000446,BAG MUSTI CC MC UN 14KG,1,MAGALIE SENECAL-J.,0,RG1000,90,
ICE - ETOBICOKE PLANT,300000447,BAG MUSTI CC MC UN 14KG,1,MAGALIE SENECAL-J.,0,RG1000,90,
ICE - ETOBICOKE PLANT,300000448,LAMINATED BAG MUSTI CC SC LA 10KG,2,ISABELLE PICARD,0,RG1000,150,
ICE - ETOBICOKE PLANT,300000449,BAG (RL) MUSTI CC SC LA 10KG,1,MAGALIE SENECAL-J.,0,RG1000,14,
ICE - ETOBICOKE PLANT,300000450,BAG MUSTI CC MC VA 14KG,1,MAGALIE SENECAL-J.,0,RG1000,90,
ICE - ETOBICOKE PLANT,300000451,BAG MUSTI CC MC FLOWER 14KG,1,MAGALIE SENECAL-J.,0,RG1000,90,
ICE - ETOBICOKE PLANT,300000452,LAMINATED BAG MUSTI CC OC LE 10KG,1,MAGALIE SENECAL-J.,0,RG1000,14,
ICE - ETOBICOKE PLANT,300000453,BAG (RL) MUSTI CC OC LE 10KG,1,MAGALIE SENECAL-J.,0,RG1000,14,
ICE - ETOBICOKE PLANT,300000454,LAMINATED BAG MUSTI CC AC Un UN 10KG,2,ISABELLE PICARD,0,RG1000,150,
ICE - ETOBICOKE PLANT,300000455,BAG (RL) MUSTI CC AC Un 10KG,1,MAGALIE SENECAL-J.,0,RG1000,14,
ICE - ETOBICOKE PLANT,300000456,LAMINATED BAG MUSTI CC AC NP 10KG,2,ISABELLE PICARD,0,RG1000,150,
ICE - ETOBICOKE PLANT,300000457,BAG (RL) MUSTI CC AC NP 10KG,1,MAGALIE SENECAL-J.,0,RG1000,14,
ICE - ETOBICOKE PLANT,300000459,BAG (RL) MUSTI CC LT Un 10KG,1,MAGALIE SENECAL-J.,0,RG1000,7,
ICE - ETOBICOKE PLANT,300000488,SUPER BAG (tote bag) 36x36x36 ( pour PP),1,MAGALIE SENECAL-J.,0,RG1000,0,
ICE - ETOBICOKE PLANT,300000489,SUPER BAG (tote bag) 37x37x47,1,MAGALIE SENECAL-J.,0,RG1000,0,
ICE - ETOBICOKE PLANT,300000494,BAG FRESSNAPF CHBL 12KG,1,MAGALIE SENECAL-J.,0,RG1000,90,
ICE - ETOBICOKE PLANT,300000507,BAG (RL) - ODOUR LOCK BP 12KG V3,1,MAGALIE SENECAL-J.,0,RG1000,2,
ICE - ETOBICOKE PLANT,300000508,BAG (RL) - ODOUR LOCK UN 12KG V3,1,MAGALIE SENECAL-J.,0,RG1000,2,
ICE - ETOBICOKE PLANT,300000509,BAG (RL) - ODOUR LOCK CHLA 12KG V3,2,ISABELLE PICARD,0,RG1000,2,
ICE - ETOBICOKE PLANT,300000510,BAG (RL) - ODOUR LOCK CB 12KG V3,1,MAGALIE SENECAL-J.,0,RG1000,2,
ICE - ETOBICOKE PLANT,300000513,BAG (RL) - ODOUR LOCK CHLA 6KG V3,1,MAGALIE SENECAL-J.,0,RG1000,2,
ICE - ETOBICOKE PLANT,300000514,BAG (RL) - ODOUR LOCK CB 6KG V3,1,MAGALIE SENECAL-J.,0,RG1000,2,
ICE - ETOBICOKE PLANT,300000515,BAG (RL) OL MAXCARE UN 12KG V3,1,MAGALIE SENECAL-J.,0,RG1000,2,
ICE - ETOBICOKE PLANT,300000516,BAG FRISCO UN 40LB 6 MIL,1,MAGALIE SENECAL-J.,0,RG1000,70,
ICE - ETOBICOKE PLANT,300000532,BOX COSTCO QUALICAT MAX UN 18.14 KG,3,NANCY QUESSY,0,RG3000,0,
ICE - ETOBICOKE PLANT,300000538,LAMINATED BAG MUSTI CC LT 10KG,1,MAGALIE SENECAL-J.,0,RG1000,7,
ICE - ETOBICOKE PLANT,300000539,LAMINATED BAG MUSTI CC AC NP 10KG,1,MAGALIE SENECAL-J.,0,RG1000,14,
ICE - ETOBICOKE PLANT,300000540,BOX QUALICAT EXTRA PI 22.7KG,1,MAGALIE SENECAL-J.,22400,RG3000,14,
ICE - ETOBICOKE PLANT,300000545,LAMINATED BAG MUSTI CC SENS. Un 10KG,1,MAGALIE SENECAL-J.,0,RG1000,14,
ICE - ETOBICOKE PLANT,300000550,BAG CLASSIC CARBON 12KG,1,MAGALIE SENECAL-J.,4700,RG1000,2,
ICE - ETOBICOKE PLANT,300000632,BOX COSTCO QUALICAT MAX UN 18.14 KG,3,NANCY QUESSY,0,RG3000,0,
ICE - ETOBICOKE PLANT,300000638,BAG ODOUR BUSTER MC Un 12KG,1,MAGALIE SENECAL-J.,0,RG1000,2,
ICE - ETOBICOKE PLANT,300000639,BOX ODOUR BUSTER MC Un 11KG,2,ISABELLE PICARD,22400,RG3000,14,
ICE - ETOBICOKE PLANT,300000640,BOX ODOUR BUSTER MC Sc 11KG,2,ISABELLE PICARD,22400,RG3000,14,
ICE - ETOBICOKE PLANT,300000641,BAG MUSTI CC MC BP 14KG,1,MAGALIE SENECAL-J.,6500,RG1000,90,
ICE - ETOBICOKE PLANT,300000642,BAG MUSTI CC MC Un 14KG,1,MAGALIE SENECAL-J.,12500,RG1000,90,
ICE - ETOBICOKE PLANT,300000643,BAG MUSTI CC MC Fl 14KG,1,MAGALIE SENECAL-J.,6500,RG1000,90,
ICE - ETOBICOKE PLANT,300000648,LB ODOUR LOCK BP 12kg,1,MAGALIE SENECAL-J.,0,RG1000,14,
ICE - ETOBICOKE PLANT,300000649,LB ODOUR LOCK UN 12kg,1,MAGALIE SENECAL-J.,0,RG1000,5,
ICE - ETOBICOKE PLANT,300000650,LB ODOUR LOCK CHLA 12kg,1,MAGALIE SENECAL-J.,0,RG1000,5,
ICE - ETOBICOKE PLANT,300000651,LB ODOUR LOCK CB 12kg,1,MAGALIE SENECAL-J.,0,RG1000,5,
ICE - ETOBICOKE PLANT,300000652,LAMINATED BAG MUSTI CC SENS Un 10KG,1,MAGALIE SENECAL-J.,0,RG1000,14,
ICE - ETOBICOKE PLANT,300000653,LAMINATED BAG MUSTI CC AC Un 10KG,1,MAGALIE SENECAL-J.,0,RG1000,14,
ICE - ETOBICOKE PLANT,300000654,LAMINATED BAG MUSTI CC AC NP 10KG,1,MAGALIE SENECAL-J.,0,RG1000,14,
ICE - ETOBICOKE PLANT,300000655,LAMINATED BAG MUSTI CC LT Un 10KG,1,MAGALIE SENECAL-J.,0,RG1000,7,
ICE - ETOBICOKE PLANT,300000657,BAG SO PHRESH ADV. OC Un 40LB,1,MAGALIE SENECAL-J.,0,RG1000,0,
ICE - ETOBICOKE PLANT,300000661,PAIL SO PHRESH ADV. OC Un 30LB,1,MAGALIE SENECAL-J.,0,RG4000,0,
ICE - ETOBICOKE PLANT,300000662,PAIL SO PHRESH DO MULTI Sc 30LB,1,MAGALIE SENECAL-J.,0,RG4000,0,
ICE - ETOBICOKE PLANT,300000664,LID-PAIL SO PHRESH ADV. OC Un 30LB,1,MAGALIE SENECAL-J.,0,RG4000,0,
ICE - ETOBICOKE PLANT,300000665,LID-PAIL SO PHRESH DO MULTI Sc 30LB,1,MAGALIE SENECAL-J.,0,RG4000,0,
ICE - ETOBICOKE PLANT,400000000,EXTENSIBLE FILM ROBOT R-122 80G 20X5500,41,VINCENT B.GUILBERT,0,RP3000,30,
ICE - ETOBICOKE PLANT,400000001,SLIP SHEET,1,MAGALIE SENECAL-J.,500,RP3000,7,
ICE - ETOBICOKE PLANT,400000004,SHEETING 70''X2MIL,1,MAGALIE SENECAL-J.,0,RP3000,30,
ICE - ETOBICOKE PLANT,400000005,HT DISP PALLET 40 X 48 4 WAY,1,MAGALIE SENECAL-J.,0,RP1000,5,
ICE - ETOBICOKE PLANT,400000007,PECO PALLET 40 X 48,1,MAGALIE SENECAL-J.,0,RP1000,5,
ICE - ETOBICOKE PLANT,400000008,Intertape # 6100 48cs/pallet,41,VINCENT B.GUILBERT,0,RP3000,60,
ICE - ETOBICOKE PLANT,400000009,Intertape # 7100 48cs/pallet,41,VINCENT B.GUILBERT,0,RP3000,60,
ICE - ETOBICOKE PLANT,400000011,FILM ROBOT EXTENSIBLE 115G,41,VINCENT B.GUILBERT,0,RP3000,30,
ICE - ETOBICOKE PLANT,400000012,FILM ROBOT EXTENSIBLE 20 x 55G x6000,1,MAGALIE SENECAL-J.,375,RP3000,60,
ICE - ETOBICOKE PLANT,400000013,EURO SLIP SHEET - 32X48,1,MAGALIE SENECAL-J.,500,RP3000,14,
ICE - ETOBICOKE PLANT,400000014,"TOP SHEET 60""X72"" CLAIR 1MIL  ROULEAUX",41,VINCENT B.GUILBERT,3750,RP3000,30,
ICE - ETOBICOKE PLANT,400000015,EURO PALLET HT,1,MAGALIE SENECAL-J.,0,RP1000,7,
ICE - ETOBICOKE PLANT,400000016,CHEP PALLET (40 X 48),1,MAGALIE SENECAL-J.,0,RP1000,5,
ICE - ETOBICOKE PLANT,400000017,DISPOSABLE PALLET (40X48),1,MAGALIE SENECAL-J.,0,RP1000,5,
ICE - ETOBICOKE PLANT,400000022,SLIP SHEET 48 X 32,1,MAGALIE SENECAL-J.,0,RP3000,0,
ICE - ETOBICOKE PLANT,400000023,SLIP SHEET 48 X 40,1,MAGALIE SENECAL-J.,0,RP3000,0,
ICE - ETOBICOKE PLANT,400000025,VP PALLET EURO SKIRT  (RM),41,VINCENT B.GUILBERT,0,RP3000,0,
ICE - ETOBICOKE PLANT,400000026,INFLATABLE SHIPPING BAGS 96'',1,MAGALIE SENECAL-J.,0,RP3000,30,
ICE - ETOBICOKE PLANT,400000027,INFLATABLE SHIPPING BAGS 120'',1,MAGALIE SENECAL-J.,0,RP3000,30,
ICE - ETOBICOKE PLANT,500000022,BLÜCARE 15G FOR MAXCARE (SB 5X88),1,MAGALIE SENECAL-J.,0,RA5000,0,
ICE - ETOBICOKE PLANT,500000032,SC STONE NORDIC FOREST (NF) 400KG TOTE,1,MAGALIE SENECAL-J.,0,RA6000,0,
ICE - ETOBICOKE PLANT,500000034,SC STONE OLLAV-CHAMOMILE (OC) 400KG,1,MAGALIE SENECAL-J.,0,RA6000,0,
ICE - ETOBICOKE PLANT,500000315,SC STONE CALMING BREEZE (CB) 400KG TOTE,1,MAGALIE SENECAL-J.,0,RA6000,0,
ICM - NOTRE-DAME WAREHOUSE,200000021,HYDROQUINONE,3,NANCY QUESSY,0,RA1000,30,
ICM - NOTRE-DAME WAREHOUSE,300000319,BOX QUALICAT PI 22.7KG,1,MAGALIE SENECAL-J.,0,RG3000,7,
ICM - NOTRE-DAME WAREHOUSE,300000322,BAG CLASSIC BP 14KG,1,MAGALIE SENECAL-J.,0,RG1000,0,
ICM - NOTRE-DAME WAREHOUSE,300000323,BAG CLASSIC UN 14KG,1,MAGALIE SENECAL-J.,0,RG1000,0,
ICM - NOTRE-DAME WAREHOUSE,300000329,RECYC LAMINATED BAG ODOUR LOCK BP 6KG,2,ISABELLE PICARD,0,RG1000,0,
ICM - NOTRE-DAME WAREHOUSE,300000330,LAMINATED BAG ODOUR LOCK BP 12KG,2,ISABELLE PICARD,0,RG1000,0,
ICM - NOTRE-DAME WAREHOUSE,300000331,RECYC LAMINATED BAG ODOUR LOCK BP 12KG,2,ISABELLE PICARD,0,RG1000,0,
ICM - NOTRE-DAME WAREHOUSE,300000333,RECYC LAMINATED BAG ODOUR LOCK UN 6KG,2,ISABELLE PICARD,0,RG1000,0,
ICM - NOTRE-DAME WAREHOUSE,300000334,LAMINATED BAG ODOUR LOCK UN 12KG,2,ISABELLE PICARD,0,RG1000,0,
ICM - NOTRE-DAME WAREHOUSE,300000335,RECYC LAMINATED BAG ODOUR LOCK UN 12KG,2,ISABELLE PICARD,0,RG1000,0,
ICM - NOTRE-DAME WAREHOUSE,300000337,RECYC LAMINATED BAG ODOUR LOCK CHLA 6KG,2,ISABELLE PICARD,0,RG1000,0,
ICM - NOTRE-DAME WAREHOUSE,300000338,LAMINATED BAG ODOUR LOCK CHLA 12KG,2,ISABELLE PICARD,0,RG1000,0,
ICM - NOTRE-DAME WAREHOUSE,300000339,RECY LAMINATED BAG ODOUR LOCK CHLA 12KG,2,ISABELLE PICARD,0,RG1000,0,
ICM - NOTRE-DAME WAREHOUSE,300000341,RECYC LAMINATED BAG ODOUR LOCK CB 6KG,2,ISABELLE PICARD,0,RG1000,50,
ICM - NOTRE-DAME WAREHOUSE,300000342,LAMINATED BAG ODOUR LOCK CB 12KG,2,ISABELLE PICARD,0,RG1000,0,
ICM - NOTRE-DAME WAREHOUSE,300000343,RECYC LAMINATED BAG ODOUR LOCK CB 12KG,2,ISABELLE PICARD,0,RG1000,0,
ICM - NOTRE-DAME WAREHOUSE,300000345,RECYC LAMINATED BAG MAXCARE UN 12KG,2,ISABELLE PICARD,0,RG1000,0,
ICM - NOTRE-DAME WAREHOUSE,300000346,BAG SIMPLE UN 14KG,1,MAGALIE SENECAL-J.,0,RG1000,0,
ICM - NOTRE-DAME WAREHOUSE,300000348,BAG SIMPLE UN 10KG,1,MAGALIE SENECAL-J.,0,RG1000,0,
ICM - NOTRE-DAME WAREHOUSE,300000480,BAG CLAIR 14-15-16 KG,1,MAGALIE SENECAL-J.,0,RG1000,0,
ICM - NOTRE-DAME WAREHOUSE,300000507,BAG (RL) - ODOUR LOCK BP 12KG V3,2,ISABELLE PICARD,0,RG1000,0,
ICM - NOTRE-DAME WAREHOUSE,300000508,BAG (RL) - ODOUR LOCK UN 12KG V3,2,ISABELLE PICARD,0,RG1000,0,
ICM - NOTRE-DAME WAREHOUSE,300000509,BAG (RL) - ODOUR LOCK CHLA 12KG V3,2,ISABELLE PICARD,0,RG1000,0,
ICM - NOTRE-DAME WAREHOUSE,300000510,BAG (RL) - ODOUR LOCK CB 12KG V3,2,ISABELLE PICARD,0,RG1000,0,
ICM - NOTRE-DAME WAREHOUSE,300000511,BAG (RL) - ODOUR LOCK BP 6KG V3,2,ISABELLE PICARD,0,RG1000,0,
ICM - NOTRE-DAME WAREHOUSE,300000512,BAG (RL) - ODOUR LOCK UN 6KG V3,2,ISABELLE PICARD,0,RG1000,0,
ICM - NOTRE-DAME WAREHOUSE,300000513,BAG (RL) - ODOUR LOCK CHLA 6KG V3,2,ISABELLE PICARD,0,RG1000,0,
ICM - NOTRE-DAME WAREHOUSE,300000514,BAG (RL) - ODOUR LOCK CB 6KG V3,2,ISABELLE PICARD,0,RG1000,50,
ICM - NOTRE-DAME WAREHOUSE,300000515,BAG (RL) OL MAXCARE UN 12KG V3,2,ISABELLE PICARD,0,RG1000,0,
ICM - NOTRE-DAME WAREHOUSE,300000540,BOX QUALICAT EXTRA PI 22.7KG,1,MAGALIE SENECAL-J.,0,RG3000,7,
ICM - NOTRE-DAME WAREHOUSE,300000550,BAG CLASSIC CARBON 12KG,1,MAGALIE SENECAL-J.,0,RG1000,0,
ICM - NOTRE-DAME WAREHOUSE,300000639,BOX ODOUR BUSTER MC Un 11KG,2,ISABELLE PICARD,0,RG3000,7,
ICM - NOTRE-DAME WAREHOUSE,300000640,BOX ODOUR BUSTER MC Sc 11KG,2,ISABELLE PICARD,0,RG3000,7,
ICM - NOTRE-DAME WAREHOUSE,300000648,LB ODOUR LOCK BP 12kg,2,ISABELLE PICARD,0,RG1000,0,
ICM - NOTRE-DAME WAREHOUSE,300000649,LB ODOUR LOCK UN 12kg,2,ISABELLE PICARD,0,RG1000,0,
ICM - NOTRE-DAME WAREHOUSE,300000650,LB ODOUR LOCK CHLA 12kg,2,ISABELLE PICARD,0,RG1000,0,
ICM - NOTRE-DAME WAREHOUSE,300000651,LB ODOUR LOCK CB 12kg,2,ISABELLE PICARD,0,RG1000,0,
ICM - NOTRE-DAME WAREHOUSE,400000001,SLIP SHEET,1,MAGALIE SENECAL-J.,0,RP3000,2,
ICM - NOTRE-DAME WAREHOUSE,400000004,SHEETING 70''X2MIL,1,MAGALIE SENECAL-J.,0,RP3000,0,
ICM - NOTRE-DAME WAREHOUSE,400000005,HT DISP PALLET 40 X 48 4 WAY,1,MAGALIE SENECAL-J.,0,RP1000,5,
ICM - NOTRE-DAME WAREHOUSE,400000007,PECO PALLET 40 X 48,1,MAGALIE SENECAL-J.,0,RP1000,5,
ICM - NOTRE-DAME WAREHOUSE,400000016,CHEP PALLET (40 X 48),1,MAGALIE SENECAL-J.,0,RP1000,5,
ICM - NOTRE-DAME WAREHOUSE,400000017,DISPOSABLE PALLET (40X48),1,MAGALIE SENECAL-J.,0,RP1000,5,
ICM - NOTRE-DAME WAREHOUSE,400000026,INFLATABLE SHIPPING BAGS 96'',1,MAGALIE SENECAL-J.,0,RP3000,30,
ICM - NOTRE-DAME WAREHOUSE,400000027,INFLATABLE SHIPPING BAGS 120'',1,MAGALIE SENECAL-J.,0,RP3000,30,
ICM - NOTRE-DAME WAREHOUSE,400000028,CHEP INTERNATIONAL PALLET (40 X 48),1,MAGALIE SENECAL-J.,0,RP1000,5,
ICN - NEWTON PLANT,100000013,CALCIUM CARBONATE 16X60 MODIFIED,2,ISABELLE PICARD,0,RS3000,0,
ICN - NEWTON PLANT,100000014,MONTMORILLONITE GRANULAR,2,ISABELLE PICARD,7256,RS2000,60,
ICN - NEWTON PLANT,200000021,HYDROQUINONE,3,NANCY QUESSY,1400,RA1000,30,
ICN - NEWTON PLANT,200000022,AF-50 ULTRATEFLON (DUST SUPPRESSANT),3,NANCY QUESSY,1500,RA3000,30,
ICN - NEWTON PLANT,200000024,SODIUM BICARBONATE (USP GRADE),3,NANCY QUESSY,1600,RA2000,30,
ICN - NEWTON PLANT,200000026,FRAGRANCE TALC CONCENTRADED U-15984,1,MAGALIE SENECAL-J.,200,RA1000,7,
ICN - NEWTON PLANT,200000027,FRAGRANCE LEMONGRASS U-11313,1,MAGALIE SENECAL-J.,35,RA1000,7,
ICN - NEWTON PLANT,200000028,GUM GUAR,2,ISABELLE PICARD,3000,RA1000,60,
ICN - NEWTON PLANT,200000029,CALCO-INTER,2,ISABELLE PICARD,0,RS6000,14,
ICN - NEWTON PLANT,200000030,BLUE DYE PAINT,1,MAGALIE SENECAL-J.,1179.34,RA7000,30,
ICN - NEWTON PLANT,200000033,GUAR GUM,2,ISABELLE PICARD,0,RA1000,60,
ICN - NEWTON PLANT,200000035,FRAGRANCE MALABATE U-10902,1,MAGALIE SENECAL-J.,20,RA1000,14,
ICN - NEWTON PLANT,200000036,FRAGRANCE HERBACEOUS PINE /KG U-13555,1,MAGALIE SENECAL-J.,600,RA1000,14,
ICN - NEWTON PLANT,200000037,FRAGRANCE EUCALYPTUS U-10800,1,MAGALIE SENECAL-J.,20,RA1000,14,
ICN - NEWTON PLANT,200000038,FRAGRANCE FRESH CUT GRASS - U-11418,1,MAGALIE SENECAL-J.,20,RA1000,14,
ICN - NEWTON PLANT,200000039,FRAGRANCE CHERRY BLOSSOM- U-15255,1,MAGALIE SENECAL-J.,0,RA1000,14,
ICN - NEWTON PLANT,200000040,FRAGRANCE LAVENDER LIQUID U-10807,1,MAGALIE SENECAL-J.,200,RA1000,14,
ICN - NEWTON PLANT,200000041,FRAGRANCE VANILLA ICE CREAM U-10801,1,MAGALIE SENECAL-J.,20,RA1000,14,
ICN - NEWTON PLANT,200000042,FRAGRANCE FRESH BREEZE U10730,1,MAGALIE SENECAL-J.,200,RA1000,14,
ICN - NEWTON PLANT,200000043,FRAGRANCE OCEAN BREEZE,1,MAGALIE SENECAL-J.,20,RA1000,14,
ICN - NEWTON PLANT,200000044,FRAGRANCE NORDIC PINE 70/75 U-12886,1,MAGALIE SENECAL-J.,20,RA1000,14,
ICN - NEWTON PLANT,200000045,FRAGRANCE HONEYSUCKLE U-13044 (CB),1,MAGALIE SENECAL-J.,200,RA1000,14,
ICN - NEWTON PLANT,200000046,FRAGRANCE LAVENDER & CHAMOMILE (U13841),1,MAGALIE SENECAL-J.,40,RA1000,14,
ICN - NEWTON PLANT,200000047,FRAGRANCE MANGO POMEGRANATE MOD 1 U-1192,1,MAGALIE SENECAL-J.,0,RA6000,7,
ICN - NEWTON PLANT,200000048,FRAGRANCE CAMOMILE ROSE U12818,1,MAGALIE SENECAL-J.,0,RA6000,7,
ICN - NEWTON PLANT,200000049,FRAGRANCE FRESH STEP - U-14109,1,MAGALIE SENECAL-J.,0,RA6000,7,
ICN - NEWTON PLANT,200000050,FRAGRANCE CHAMOMILE - U-14102,1,MAGALIE SENECAL-J.,0,RA6000,7,
ICN - NEWTON PLANT,200000051,FRAGRANCE TC ORIGINAL - U-13940,1,MAGALIE SENECAL-J.,0,RA6000,7,
ICN - NEWTON PLANT,200000052,TEXTURECEL 40000 PA (CMC),2,ISABELLE PICARD,0,RA8000,60,
ICN - NEWTON PLANT,200000053,FRAGRANCE CHERRY BLOSSOM- U-17461,1,MAGALIE SENECAL-J.,0,RA1000,14,
ICN - NEWTON PLANT,300000000,BAG ODOUR BUSTER MULTICAT UN 12KG,1,MAGALIE SENECAL-J.,0,RG1000,90,
ICN - NEWTON PLANT,300000005,BAG IT'S JUST CAT LITTER 18KG,1,MAGALIE SENECAL-J.,0,RG1000,0,
ICN - NEWTON PLANT,300000014,BAG CLASSIC BP 7KG,1,MAGALIE SENECAL-J.,5500,RG1000,90,
ICN - NEWTON PLANT,300000015,BAG CLASSIC UN 7KG,1,MAGALIE SENECAL-J.,4200,RG1000,90,
ICN - NEWTON PLANT,300000021,BAG ANISERCO TOM&CO GOOD BP 12KG EUR,1,MAGALIE SENECAL-J.,22000,RG1000,90,
ICN - NEWTON PLANT,300000071,LINER 14.5 X 11 0.00125 HD,2,ISABELLE PICARD,7395.3,RG3000,60,
ICN - NEWTON PLANT,300000301,BAG FRESSNAPF PE XL BP 12KG,1,MAGALIE SENECAL-J.,49000,RG1000,90,
ICN - NEWTON PLANT,300000302,BAG FRESSNAPF PURE Un 12KG,1,MAGALIE SENECAL-J.,0,RG1000,90,
ICN - NEWTON PLANT,300000303,BAG FRESSNAPF PE Le 12KG,1,MAGALIE SENECAL-J.,0,RG1000,90,
ICN - NEWTON PLANT,300000304,BAG FRESSNAPF SENS Un 12KG,1,MAGALIE SENECAL-J.,40000,RG1000,70,
ICN - NEWTON PLANT,300000305,BAG FRESSNAPF PE BP 12KG,1,MAGALIE SENECAL-J.,65000,RG1000,90,
ICN - NEWTON PLANT,300000319,BOX QUALICAT PI 22.7KG,1,MAGALIE SENECAL-J.,0,RG3000,90,
ICN - NEWTON PLANT,300000320,LINER 1.5MIL 12 X 10 X 33,1,MAGALIE SENECAL-J.,0,RG3000,90,
ICN - NEWTON PLANT,300000321,BAG CAT EX UN 18KG,1,MAGALIE SENECAL-J.,2600,RG1000,90,
ICN - NEWTON PLANT,300000322,BAG CLASSIC BP 14KG,1,MAGALIE SENECAL-J.,23500,RG1000,90,
ICN - NEWTON PLANT,300000323,BAG CLASSIC UN 14KG,1,MAGALIE SENECAL-J.,21000,RG1000,90,
ICN - NEWTON PLANT,300000324,BAG CLASSIC LA 14KG,1,MAGALIE SENECAL-J.,13500,RG1000,90,
ICN - NEWTON PLANT,300000325,BAG CLASSIC PF 14KG,1,MAGALIE SENECAL-J.,3500,RG1000,90,
ICN - NEWTON PLANT,300000328,BAG ODOUR LOCK BP 6KG,2,ISABELLE PICARD,0,RG1000,150,
ICN - NEWTON PLANT,300000329,RECYC LAMINATED BAG ODOUR LOCK BP 6KG,2,ISABELLE PICARD,0,RG1000,150,
ICN - NEWTON PLANT,300000330,LAMINATED BAG ODOUR LOCK BP 12KG,2,ISABELLE PICARD,0,RG1000,150,
ICN - NEWTON PLANT,300000331,RECYC LAMINATED BAG ODOUR LOCK BP 12KG,2,ISABELLE PICARD,0,RG1000,150,
ICN - NEWTON PLANT,300000332,BAG ODOUR LOCK BP 12KG,2,ISABELLE PICARD,0,RG1000,150,
ICN - NEWTON PLANT,300000333,RECYC LAMINATED BAG ODOUR LOCK UN 6KG,2,ISABELLE PICARD,0,RG1000,150,
ICN - NEWTON PLANT,300000334,LAMINATED BAG ODOUR LOCK UN 12KG,2,ISABELLE PICARD,0,RG1000,150,
ICN - NEWTON PLANT,300000335,RECYC LAMINATED BAG ODOUR LOCK UN 12KG,2,ISABELLE PICARD,0,RG1000,150,
ICN - NEWTON PLANT,300000336,POUCH ODOUR LOCK UN 12KG,2,ISABELLE PICARD,0,RG1000,150,
ICN - NEWTON PLANT,300000337,RECYC LAMINATED BAG ODOUR LOCK CHLA 6KG,2,ISABELLE PICARD,0,RG1000,150,
ICN - NEWTON PLANT,300000338,LAMINATED BAG ODOUR LOCK CHLA 12KG,2,ISABELLE PICARD,0,RG1000,150,
ICN - NEWTON PLANT,300000339,RECY LAMINATED BAG ODOUR LOCK CHLA 12KG,2,ISABELLE PICARD,0,RG1000,150,
ICN - NEWTON PLANT,300000340,POUCH ODOUR LOCK CHLA 6KG,2,ISABELLE PICARD,0,RG1000,150,
ICN - NEWTON PLANT,300000341,RECYC LAMINATED BAG ODOUR LOCK CB 6KG,2,ISABELLE PICARD,0,RG1000,150,
ICN - NEWTON PLANT,300000342,LAMINATED BAG ODOUR LOCK CB 12KG,2,ISABELLE PICARD,0,RG1000,150,
ICN - NEWTON PLANT,300000343,RECYC LAMINATED BAG ODOUR LOCK CB 12KG,2,ISABELLE PICARD,0,RG1000,150,
ICN - NEWTON PLANT,300000344,LAMINATED BAG MAXCARE UN 12KG,2,ISABELLE PICARD,0,RG1000,150,
ICN - NEWTON PLANT,300000345,RECYC LAMINATED BAG MAXCARE UN 12KG,2,ISABELLE PICARD,0,RG1000,150,
ICN - NEWTON PLANT,300000346,BAG SIMPLE UN 14KG,1,MAGALIE SENECAL-J.,30000,RG1000,90,
ICN - NEWTON PLANT,300000347,BAG SIMPLE UN 10KG,1,MAGALIE SENECAL-J.,0,RG1000,90,
ICN - NEWTON PLANT,300000348,BAG SIMPLE UN 10KG,1,MAGALIE SENECAL-J.,7500,RG1000,90,
ICN - NEWTON PLANT,300000349,BAG ECOLIFE FB 5.5KG,1,MAGALIE SENECAL-J.,0,RG1000,2,
ICN - NEWTON PLANT,300000350,BAG OB ORIGINAL UN 6KG,2,ISABELLE PICARD,0,RG1000,150,
ICN - NEWTON PLANT,300000353,LAMINATED BAG OB MC UN 12KG,1,MAGALIE SENECAL-J.,0,RG1000,90,
ICN - NEWTON PLANT,300000354,BAG ODOUR BUSTER MC UN 12KG,1,MAGALIE SENECAL-J.,0,RG1000,90,
ICN - NEWTON PLANT,300000355,BAG ODOUR BUSTER ORIGINAL UN 14KG,1,MAGALIE SENECAL-J.,0,RG1000,2,
ICN - NEWTON PLANT,300000368,LAMINATED BAG O'SELECT UP UN 12KG,3,NANCY QUESSY,0,RG1000,150,
ICN - NEWTON PLANT,300000369,LAMINATED BAG O'SELECT UP UN 12KG,2,ISABELLE PICARD,0,RG1000,150,
ICN - NEWTON PLANT,300000370,LAMINATED BAG O'SELECT UP FB 12KG,3,NANCY QUESSY,0,RG1000,150,
ICN - NEWTON PLANT,300000371,LAMINATED BAG O'SELECT UP FB 12KG,2,ISABELLE PICARD,0,RG1000,150,
ICN - NEWTON PLANT,300000384,BAG  O'SELECT MA 14KG,1,MAGALIE SENECAL-J.,0,RG1000,90,
ICN - NEWTON PLANT,300000385,BAG O'SELECT MA 14KG,1,MAGALIE SENECAL-J.,6900,RG1000,90,
ICN - NEWTON PLANT,300000386,BAG O'SELECT UN 10KG,1,MAGALIE SENECAL-J.,0,RG1000,90,
ICN - NEWTON PLANT,300000387,BAG O'SELECT UN 10KG,1,MAGALIE SENECAL-J.,8800,RG1000,90,
ICN - NEWTON PLANT,300000388,BOX O'SELECT UN 18KG,1,MAGALIE SENECAL-J.,0,RG3000,60,
ICN - NEWTON PLANT,300000389,BOX O'SELECT UN 18KG,1,MAGALIE SENECAL-J.,0,RG3000,60,
ICN - NEWTON PLANT,300000390,BAG PLB PRONATURE BP 12KG,1,MAGALIE SENECAL-J.,0,RG1000,90,
ICN - NEWTON PLANT,300000391,BAG PLB PRONATURE UN 12KG,1,MAGALIE SENECAL-J.,0,RG1000,90,
ICN - NEWTON PLANT,300000392,BAG FRISCO ECO FB 20LB,1,MAGALIE SENECAL-J.,0,RG1000,90,
ICN - NEWTON PLANT,300000393,BOX HUSSE UN 15KG,1,MAGALIE SENECAL-J.,0,RG3000,60,
ICN - NEWTON PLANT,300000394,BAG BUSINESSCOM HARMONY BP 10KG,1,MAGALIE SENECAL-J.,0,RG1000,90,
ICN - NEWTON PLANT,300000395,BAG BUSINESSCOM HARMONY LE 10KG,1,MAGALIE SENECAL-J.,1000,RG1000,90,
ICN - NEWTON PLANT,300000403,RECY LAMINATED BAG FELIPURE UN CAR 6KG,2,ISABELLE PICARD,0,RG1000,150,
ICN - NEWTON PLANT,300000405,RECY LAMINATED BAG FELIPURE UN CAR 12KG,2,ISABELLE PICARD,0,RG1000,150,
ICN - NEWTON PLANT,300000423,BAG PETEX UN 18KG,1,MAGALIE SENECAL-J.,750,RG1000,90,
ICN - NEWTON PLANT,300000424,BAG PETEX PREMIUM UN 18KG,1,MAGALIE SENECAL-J.,0,RG1000,90,
ICN - NEWTON PLANT,300000425,BAG AGRIFARMA NEXT CAT LE 10KG,1,MAGALIE SENECAL-J.,3000,RG1000,90,
ICN - NEWTON PLANT,300000426,BAG AGRIFARMA NEXT CAT UN 10KG,1,MAGALIE SENECAL-J.,12000,RG1000,90,
ICN - NEWTON PLANT,300000427,BAG AGRIFARMA NEXT CAT LA 10KG,1,MAGALIE SENECAL-J.,12000,RG1000,90,
ICN - NEWTON PLANT,300000428,BAG AGRIFARMA NEXT CAT BP 10KG,1,MAGALIE SENECAL-J.,12000,RG1000,90,
ICN - NEWTON PLANT,300000429,BAG ANISERCO TOM&CO BP 12KG,1,MAGALIE SENECAL-J.,0,RG1000,90,
ICN - NEWTON PLANT,300000430,BAG ANISERCO TOM&CO GOOD BP 12KG EUR,1,MAGALIE SENECAL-J.,22000,RG1000,90,
ICN - NEWTON PLANT,300000431,BAG L4F LA 10KG,1,MAGALIE SENECAL-J.,7500,RG1000,90,
ICN - NEWTON PLANT,300000432,BAG L4F UN 10KG,1,MAGALIE SENECAL-J.,2500,RG1000,90,
ICN - NEWTON PLANT,300000433,BAG L4F OB 10KG,1,MAGALIE SENECAL-J.,1500,RG1000,90,
ICN - NEWTON PLANT,300000434,BAG L4F MULTICHAT UN 10KG,1,MAGALIE SENECAL-J.,5500,RG1000,90,
ICN - NEWTON PLANT,300000435,BAG L4F UN 14KG,1,MAGALIE SENECAL-J.,0,RG1000,90,
ICN - NEWTON PLANT,300000436,BAG L4F LA 7KG,1,MAGALIE SENECAL-J.,0,RG1000,90,
ICN - NEWTON PLANT,300000437,BAG L4F OB 14KG,1,MAGALIE SENECAL-J.,0,RG1000,90,
ICN - NEWTON PLANT,300000438,BAG CROCI SUPREME UN 10KG,1,MAGALIE SENECAL-J.,1100,RG1000,90,
ICN - NEWTON PLANT,300000439,BAG CROCI SUPREME EU 10KG,1,MAGALIE SENECAL-J.,550,RG1000,90,
ICN - NEWTON PLANT,300000440,BAG PET LOVERS TRUSTIE UN 8.1KG,1,MAGALIE SENECAL-J.,0,RG1000,90,
ICN - NEWTON PLANT,300000441,BAG PET LOVERS TRUS PRE UN 12KG,1,MAGALIE SENECAL-J.,650,RG1000,90,
ICN - NEWTON PLANT,300000444,LAMINATED BAG MUSTI CC SENS. Un 10KG,2,ISABELLE PICARD,0,RG1000,150,
ICN - NEWTON PLANT,300000445,BAG (RL) MUSTI CC SENS. Un 10KG,2,ISABELLE PICARD,0,RG1000,150,
ICN - NEWTON PLANT,300000448,LAMINATED BAG MUSTI CC SC LA 10KG,2,ISABELLE PICARD,0,RG1000,150,
ICN - NEWTON PLANT,300000449,BAG (RL) MUSTI CC SC LA 10KG,2,ISABELLE PICARD,0,RG1000,150,
ICN - NEWTON PLANT,300000452,LAMINATED BAG MUSTI CC OC LE 10KG,2,ISABELLE PICARD,0,RG1000,150,
ICN - NEWTON PLANT,300000453,BAG (RL) MUSTI CC OC LE 10KG,2,ISABELLE PICARD,0,RG1000,150,
ICN - NEWTON PLANT,300000454,LAMINATED BAG MUSTI CC AC Un UN 10KG,2,ISABELLE PICARD,0,RG1000,150,
ICN - NEWTON PLANT,300000455,BAG (RL) MUSTI CC AC Un 10KG,2,ISABELLE PICARD,0,RG1000,150,
ICN - NEWTON PLANT,300000456,LAMINATED BAG MUSTI CC AC NP 10KG,2,ISABELLE PICARD,0,RG1000,150,
ICN - NEWTON PLANT,300000457,BAG (RL) MUSTI CC AC NP 10KG,2,ISABELLE PICARD,0,RG1000,150,
ICN - NEWTON PLANT,300000458,LAMINATED BAG MUSTI CC LT Un 10KG,2,ISABELLE PICARD,0,RG1000,150,
ICN - NEWTON PLANT,300000459,BAG (RL) MUSTI CC LT Un 10KG,2,ISABELLE PICARD,0,RG1000,150,
ICN - NEWTON PLANT,300000460,BAG MATINA TIGERINO PI 12KG,1,MAGALIE SENECAL-J.,0,RG1000,90,
ICN - NEWTON PLANT,300000461,BAG MATINA TIGERINO OB 12KG,1,MAGALIE SENECAL-J.,0,RG1000,90,
ICN - NEWTON PLANT,300000462,BAG MATINA TIGERINO MAX OC 12KG,1,MAGALIE SENECAL-J.,0,RG1000,90,
ICN - NEWTON PLANT,300000463,BAG L4F UN 7KG,1,MAGALIE SENECAL-J.,0,RG1000,90,
ICN - NEWTON PLANT,300000464,RECYCL. LAMINATED BAG FELIPURE CHBL 6KG,2,ISABELLE PICARD,0,RG1000,150,
ICN - NEWTON PLANT,300000465,RECYCL. LAMINATED BAG FELIPURE CHBL 12KG,2,ISABELLE PICARD,0,RG1000,150,
ICN - NEWTON PLANT,300000466,RECYCL. LAMINATED BAG FELIPURE FRCG 6KG,2,ISABELLE PICARD,0,RG1000,150,
ICN - NEWTON PLANT,300000467,RECYCL. LAMINATED BAG FELIPURE FRCG 12KG,2,ISABELLE PICARD,0,RG1000,150,
ICN - NEWTON PLANT,300000468,RECYCL. LAMINATED BAG FELIPURE UN 6KG,2,ISABELLE PICARD,0,RG1000,150,
ICN - NEWTON PLANT,300000469,RECYCL. LAMINATED BAG FELIPURE UN 12KG,2,ISABELLE PICARD,0,RG1000,150,
ICN - NEWTON PLANT,300000470,BAG CAT EX UN 10KG,1,MAGALIE SENECAL-J.,2750,RG1000,90,
ICN - NEWTON PLANT,300000480,BAG CLAIR 14-15-16 KG,1,MAGALIE SENECAL-J.,0,RG1000,0,
ICN - NEWTON PLANT,300000490,BAG INTERSAND CAT EX PB 10 KG,1,MAGALIE SENECAL-J.,5500,RG1000,90,
ICN - NEWTON PLANT,300000491,BAG PETEX BABY POWDER 16KG,1,MAGALIE SENECAL-J.,0,RG1000,90,
ICN - NEWTON PLANT,300000493,BAG INTERSAND PROA MAIS 9.1KG,1,MAGALIE SENECAL-J.,0,RG1000,90,
ICN - NEWTON PLANT,300000494,BAG FRESSNAPF CHBL 12KG,1,MAGALIE SENECAL-J.,0,RG1000,90,
ICN - NEWTON PLANT,300000496,BAG (SUPL) O'SELECT UP Un 7KG,2,ISABELLE PICARD,0,RG1000,150,
ICN - NEWTON PLANT,300000506,BAG BUSINESSCOM HARMONY BP 10KG,1,MAGALIE SENECAL-J.,0,RG1000,90,
ICN - NEWTON PLANT,300000507,BAG (RL) - ODOUR LOCK BP 12KG V3,2,ISABELLE PICARD,0,RG1000,150,
ICN - NEWTON PLANT,300000508,BAG (RL) - ODOUR LOCK UN 12KG V3,2,ISABELLE PICARD,250000,RG1000,150,
ICN - NEWTON PLANT,300000509,BAG (RL) - ODOUR LOCK CHLA 12KG V3,2,ISABELLE PICARD,60000,RG1000,150,
ICN - NEWTON PLANT,300000510,BAG (RL) - ODOUR LOCK CB 12KG V3,2,ISABELLE PICARD,80000,RG1000,150,
ICN - NEWTON PLANT,300000511,BAG (RL) - ODOUR LOCK BP 6KG V3,2,ISABELLE PICARD,0,RG1000,150,
ICN - NEWTON PLANT,300000512,BAG (RL) - ODOUR LOCK UN 6KG V3,2,ISABELLE PICARD,40000,RG1000,150,
ICN - NEWTON PLANT,300000513,BAG (RL) - ODOUR LOCK CHLA 6KG V3,2,ISABELLE PICARD,9000,RG1000,150,
ICN - NEWTON PLANT,300000514,BAG (RL) - ODOUR LOCK CB 6KG V3,2,ISABELLE PICARD,0,RG1000,150,
ICN - NEWTON PLANT,300000515,BAG (RL) OL MAXCARE UN 12KG V3,2,ISABELLE PICARD,0,RG1000,150,
ICN - NEWTON PLANT,300000530,BAG ANISERCO TOM&CO GOOD UN 12KG EUR,1,MAGALIE SENECAL-J.,0,RG1000,90,
ICN - NEWTON PLANT,300000531,BAG ANISERCO TOM&CO GOOD BP 7KG EUR,1,MAGALIE SENECAL-J.,0,RG1000,90,
ICN - NEWTON PLANT,300000538,LAMINATED BAG MUSTI CC LT 10KG,2,ISABELLE PICARD,12000,RG1000,150,
ICN - NEWTON PLANT,300000539,LAMINATED BAG MUSTI CC AC NP 10KG,2,ISABELLE PICARD,0,RG1000,150,
ICN - NEWTON PLANT,300000540,BOX QUALICAT EXTRA PI 22.7KG,1,MAGALIE SENECAL-J.,68400,RG3000,70,
ICN - NEWTON PLANT,300000545,LAMINATED BAG MUSTI CC SENS. Un 10KG,2,ISABELLE PICARD,0,RG1000,150,
ICN - NEWTON PLANT,300000550,BAG CLASSIC CARBON 12KG,1,MAGALIE SENECAL-J.,0,RG1000,90,
ICN - NEWTON PLANT,300000630,BAG ANISERCO TOM&CO GOOD BP XL 12KG EUR,1,MAGALIE SENECAL-J.,22000,RG1000,90,
ICN - NEWTON PLANT,300000638,BAG ODOUR BUSTER MC Un 12KG,1,MAGALIE SENECAL-J.,0,RG1000,90,
ICN - NEWTON PLANT,300000639,BOX ODOUR BUSTER MC Un 11KG,2,ISABELLE PICARD,68400,RG3000,70,
ICN - NEWTON PLANT,300000640,BOX ODOUR BUSTER MC Sc 11KG,2,ISABELLE PICARD,68400,RG3000,70,
ICN - NEWTON PLANT,300000647,BAG HUSSE Un 12KG,1,MAGALIE SENECAL-J.,0,RG1000,90,
ICN - NEWTON PLANT,300000648,LB ODOUR LOCK BP 12kg,2,ISABELLE PICARD,0,RG1000,150,
ICN - NEWTON PLANT,300000649,LB ODOUR LOCK UN 12kg,2,ISABELLE PICARD,0,RG1000,150,
ICN - NEWTON PLANT,300000650,LB ODOUR LOCK CHLA 12kg,2,ISABELLE PICARD,0,RG1000,150,
ICN - NEWTON PLANT,300000651,LB ODOUR LOCK CB 12kg,2,ISABELLE PICARD,0,RG1000,150,
ICN - NEWTON PLANT,300000652,LAMINATED BAG MUSTI CC SENS Un 10KG,2,ISABELLE PICARD,0,RG1000,150,
ICN - NEWTON PLANT,300000653,LAMINATED BAG MUSTI CC AC Un 10KG,2,ISABELLE PICARD,0,RG1000,150,
ICN - NEWTON PLANT,300000654,LAMINATED BAG MUSTI CC AC NP 10KG,2,ISABELLE PICARD,0,RG1000,150,
ICN - NEWTON PLANT,300000655,LAMINATED BAG MUSTI CC LT Un 10KG,2,ISABELLE PICARD,0,RG1000,150,
ICN - NEWTON PLANT,300000658,LABEL BOX QUALICAT 22.7KG FRANCE,1,MAGALIE SENECAL-J.,0,RG9000,70,
ICN - NEWTON PLANT,300000659,BAG CROCI SUPREME Un 10KG,1,MAGALIE SENECAL-J.,0,RG1000,90,
ICN - NEWTON PLANT,300000660,BAG CROCI SUPREME Eu 10KG,1,MAGALIE SENECAL-J.,0,RG1000,90,
ICN - NEWTON PLANT,400000000,EXTENSIBLE FILM ROBOT R-122 80G 20X5500,41,VINCENT B.GUILBERT,637.6,RP3000,30,
ICN - NEWTON PLANT,400000001,SLIP SHEET,1,MAGALIE SENECAL-J.,14000,RP3000,90,
ICN - NEWTON PLANT,400000002,710229 - TRAY PALETTE EURO,1,MAGALIE SENECAL-J.,0,RP3000,90,
ICN - NEWTON PLANT,400000003,TRAY PALETTE CAD,1,MAGALIE SENECAL-J.,0,RP3000,90,
ICN - NEWTON PLANT,400000004,SHEETING 70''X2MIL,1,MAGALIE SENECAL-J.,2839.5,RP3000,30,
ICN - NEWTON PLANT,400000005,HT DISP PALLET 40 X 48 4 WAY,1,MAGALIE SENECAL-J.,0,RP1000,5,
ICN - NEWTON PLANT,400000007,PECO PALLET 40 X 48,1,MAGALIE SENECAL-J.,0,RP1000,5,
ICN - NEWTON PLANT,400000008,Intertape # 6100 48cs/pallet,41,VINCENT B.GUILBERT,0,RP3000,60,
ICN - NEWTON PLANT,400000009,Intertape # 7100 48cs/pallet,41,VINCENT B.GUILBERT,0,RP3000,60,
ICN - NEWTON PLANT,400000011,FILM ROBOT EXTENSIBLE 115G,41,VINCENT B.GUILBERT,0,RP3000,30,
ICN - NEWTON PLANT,400000012,FILM ROBOT EXTENSIBLE 20 x 55G x6000,1,MAGALIE SENECAL-J.,0,RP3000,30,
ICN - NEWTON PLANT,400000013,EURO SLIP SHEET - 32X48,1,MAGALIE SENECAL-J.,6000,RP3000,30,
ICN - NEWTON PLANT,400000014,"TOP SHEET 60""X72"" CLAIR 1MIL  ROULEAUX",41,VINCENT B.GUILBERT,2500,RP3000,30,
ICN - NEWTON PLANT,400000015,EURO PALLET HT,1,MAGALIE SENECAL-J.,0,RP1000,7,
ICN - NEWTON PLANT,400000016,CHEP PALLET (40 X 48),1,MAGALIE SENECAL-J.,0,RP1000,5,
ICN - NEWTON PLANT,400000017,DISPOSABLE PALLET (40X48),1,MAGALIE SENECAL-J.,0,RP1000,5,
ICN - NEWTON PLANT,400000018,710230 - PAD 3 COTE PALETTE EURO,2,ISABELLE PICARD,0,RP3000,90,
ICN - NEWTON PLANT,400000019,PAD 3 COTE PALETTE CAD,2,ISABELLE PICARD,0,RP3000,90,
ICN - NEWTON PLANT,400000022,SLIP SHEET 48 X 32,1,MAGALIE SENECAL-J.,0,RP3000,0,
ICN - NEWTON PLANT,400000023,SLIP SHEET 48 X 40,1,MAGALIE SENECAL-J.,0,RP3000,0,
ICN - NEWTON PLANT,400000024,"TOP SHEET 13,5 X 1450 CS/4",1,MAGALIE SENECAL-J.,0,RP3000,0,
ICN - NEWTON PLANT,400000026,INFLATABLE SHIPPING BAGS 96'',1,MAGALIE SENECAL-J.,0,RP3000,30,
ICN - NEWTON PLANT,400000027,INFLATABLE SHIPPING BAGS 120'',1,MAGALIE SENECAL-J.,0,RP3000,30,
ICN - NEWTON PLANT,400000028,CHEP INTERNATIONAL PALLET (40 X 48),1,MAGALIE SENECAL-J.,0,RP1000,5,
ICP - ST-ALEXIS WAREHOUSE,100000020,CORN 10/20,1,MAGALIE SENECAL-J.,0,RS6000,30,
ICP - ST-ALEXIS WAREHOUSE,300000328,BAG ODOUR LOCK BP 6KG,2,ISABELLE PICARD,0,RG1000,2,
ICP - ST-ALEXIS WAREHOUSE,300000329,RECYC LAMINATED BAG ODOUR LOCK BP 6KG,2,ISABELLE PICARD,0,RG1000,2,
ICP - ST-ALEXIS WAREHOUSE,300000333,RECYC LAMINATED BAG ODOUR LOCK UN 6KG,2,ISABELLE PICARD,0,RG1000,2,
ICP - ST-ALEXIS WAREHOUSE,300000337,RECYC LAMINATED BAG ODOUR LOCK CHLA 6KG,2,ISABELLE PICARD,0,RG1000,2,
ICP - ST-ALEXIS WAREHOUSE,300000341,RECYC LAMINATED BAG ODOUR LOCK CB 6KG,2,ISABELLE PICARD,0,RG1000,2,
ICP - ST-ALEXIS WAREHOUSE,300000344,LAMINATED BAG MAXCARE UN 12KG,2,ISABELLE PICARD,0,RG1000,2,
ICP - ST-ALEXIS WAREHOUSE,300000345,RECYC LAMINATED BAG MAXCARE UN 12KG,2,ISABELLE PICARD,0,RG1000,2,
ICP - ST-ALEXIS WAREHOUSE,300000349,BAG ECOLIFE FB 5.5KG,1,MAGALIE SENECAL-J.,0,RG1000,90,
ICP - ST-ALEXIS WAREHOUSE,300000350,BAG OB ORIGINAL UN 6KG,1,MAGALIE SENECAL-J.,8500,RG1000,5,
ICP - ST-ALEXIS WAREHOUSE,300000351,BAG OB ORIGINAL UN 6.4KG,1,MAGALIE SENECAL-J.,0,RG1000,90,
ICP - ST-ALEXIS WAREHOUSE,300000352,BAG OB MC UN 12KG,1,MAGALIE SENECAL-J.,0,RG1000,90,
ICP - ST-ALEXIS WAREHOUSE,300000355,BAG ODOUR BUSTER ORIGINAL UN 14KG,1,MAGALIE SENECAL-J.,0,RG1000,90,
ICP - ST-ALEXIS WAREHOUSE,300000356,BAG SAHARA UN 7KG,1,MAGALIE SENECAL-J.,0,RG1000,0,
ICP - ST-ALEXIS WAREHOUSE,300000357,BAG SAHARA BP 7KG,1,MAGALIE SENECAL-J.,0,RG1000,0,
ICP - ST-ALEXIS WAREHOUSE,300000358,BAG SAHARA LA 7KG,1,MAGALIE SENECAL-J.,0,RG1000,0,
ICP - ST-ALEXIS WAREHOUSE,300000361,LAMINATED BAG SAHARA SUPREME UN 12KG,1,MAGALIE SENECAL-J.,0,RG1000,0,
ICP - ST-ALEXIS WAREHOUSE,300000362,BAG CANADA'S BEST LA 10KG,1,MAGALIE SENECAL-J.,0,RG1000,90,
ICP - ST-ALEXIS WAREHOUSE,300000363,BAG CANADA'S BEST FB 10KG,1,MAGALIE SENECAL-J.,0,RG1000,90,
ICP - ST-ALEXIS WAREHOUSE,300000364,BAG CANADA'S BEST UN 15KG,1,MAGALIE SENECAL-J.,0,RG1000,90,
ICP - ST-ALEXIS WAREHOUSE,300000365,BAG CANADA'S BEST BP 15KG,1,MAGALIE SENECAL-J.,0,RG1000,90,
ICP - ST-ALEXIS WAREHOUSE,300000366,BAG O'SELECT NATURE UN 6.35KG,1,MAGALIE SENECAL-J.,0,RG1000,90,
ICP - ST-ALEXIS WAREHOUSE,300000367,BAG O'SELECT UP UN 7KG,1,MAGALIE SENECAL-J.,0,RG1000,0,
ICP - ST-ALEXIS WAREHOUSE,300000369,LAMINATED BAG O'SELECT UP UN 12KG,1,MAGALIE SENECAL-J.,0,RG1000,5,
ICP - ST-ALEXIS WAREHOUSE,300000371,LAMINATED BAG O'SELECT UP FB 12KG,1,MAGALIE SENECAL-J.,8000,RG1000,5,
ICP - ST-ALEXIS WAREHOUSE,300000372,BAG O'SELECT NATURE UN 12.7KG,1,MAGALIE SENECAL-J.,0,RG1000,90,
ICP - ST-ALEXIS WAREHOUSE,300000373,BAG LEONPET ROYAL SUP UN 7KG,1,MAGALIE SENECAL-J.,0,RG1000,0,
ICP - ST-ALEXIS WAREHOUSE,300000374,BAG LEONPET SAND UN 10KG,1,MAGALIE SENECAL-J.,750,RG1000,90,
ICP - ST-ALEXIS WAREHOUSE,300000375,BAG LEONPET SAND BP 10KG,1,MAGALIE SENECAL-J.,0,RG1000,90,
ICP - ST-ALEXIS WAREHOUSE,300000376,BAG NOMADE BP 10KG,1,MAGALIE SENECAL-J.,0,RG1000,90,
ICP - ST-ALEXIS WAREHOUSE,300000377,BAG SUPREME CATS LA 10KG,1,MAGALIE SENECAL-J.,1500,RG1000,90,
ICP - ST-ALEXIS WAREHOUSE,300000378,BAG CHICO CHICO UN 14KG,1,MAGALIE SENECAL-J.,0,RG1000,90,
ICP - ST-ALEXIS WAREHOUSE,300000379,BAG CHICO ODOUR OUT PPB UN 14KG,1,MAGALIE SENECAL-J.,0,RG1000,90,
ICP - ST-ALEXIS WAREHOUSE,300000380,BAG ENVIRO-MAGIC NAT UN 15KG,1,MAGALIE SENECAL-J.,0,RG1000,0,
ICP - ST-ALEXIS WAREHOUSE,300000381,BAG CANADIAN FINE UN 15KG,1,MAGALIE SENECAL-J.,0,RG1000,90,
ICP - ST-ALEXIS WAREHOUSE,300000382,BAG ENVIRO-MAGIC BP 15KG,1,MAGALIE SENECAL-J.,0,RG1000,0,
ICP - ST-ALEXIS WAREHOUSE,300000396,BAG FELIPURE FRCG 6KG,1,MAGALIE SENECAL-J.,0,RG1000,0,
ICP - ST-ALEXIS WAREHOUSE,300000397,BAG FELIPURE FRCG 12KG,1,MAGALIE SENECAL-J.,0,RG1000,0,
ICP - ST-ALEXIS WAREHOUSE,300000398,BAG FELIPURE MC FRCG 6KG,1,MAGALIE SENECAL-J.,0,RG1000,0,
ICP - ST-ALEXIS WAREHOUSE,300000399,BAG FELIPURE MC FRCG 12KG,1,MAGALIE SENECAL-J.,0,RG1000,0,
ICP - ST-ALEXIS WAREHOUSE,300000400,BAG FELIPURE MC UN 6KG,1,MAGALIE SENECAL-J.,0,RG1000,0,
ICP - ST-ALEXIS WAREHOUSE,300000401,BAG FELIPURE MC UN 12KG,1,MAGALIE SENECAL-J.,0,RG1000,0,
ICP - ST-ALEXIS WAREHOUSE,300000402,BAG FELIPURE UN 6KG,1,MAGALIE SENECAL-J.,0,RG1000,0,
ICP - ST-ALEXIS WAREHOUSE,300000403,RECY LAMINATED BAG FELIPURE UN CAR 6KG,1,MAGALIE SENECAL-J.,0,RG1000,5,
ICP - ST-ALEXIS WAREHOUSE,300000404,BAG FELIPURE UN 12KG,1,MAGALIE SENECAL-J.,0,RG1000,0,
ICP - ST-ALEXIS WAREHOUSE,300000405,RECY LAMINATED BAG FELIPURE UN CAR 12KG,1,MAGALIE SENECAL-J.,0,RG1000,5,
ICP - ST-ALEXIS WAREHOUSE,300000406,BAG FELIPURE CHBL 6KG,1,MAGALIE SENECAL-J.,0,RG1000,0,
ICP - ST-ALEXIS WAREHOUSE,300000407,BAG FELIPURE CHBL 12KG,1,MAGALIE SENECAL-J.,0,RG1000,0,
ICP - ST-ALEXIS WAREHOUSE,300000410,BAG PETZEBA KYLI BP 14KG,1,MAGALIE SENECAL-J.,0,RG1000,70,
ICP - ST-ALEXIS WAREHOUSE,300000440,BAG PET LOVERS TRUSTIE UN 8.1KG,1,MAGALIE SENECAL-J.,0,RG1000,2,
ICP - ST-ALEXIS WAREHOUSE,300000464,RECYCL. LAMINATED BAG FELIPURE CHBL 6KG,1,MAGALIE SENECAL-J.,0,RG1000,0,
ICP - ST-ALEXIS WAREHOUSE,300000465,RECYCL. LAMINATED BAG FELIPURE CHBL 12KG,1,MAGALIE SENECAL-J.,2800,RG1000,5,
ICP - ST-ALEXIS WAREHOUSE,300000466,RECYCL. LAMINATED BAG FELIPURE FRCG 6KG,1,MAGALIE SENECAL-J.,0,RG1000,0,
ICP - ST-ALEXIS WAREHOUSE,300000467,RECYCL. LAMINATED BAG FELIPURE FRCG 12KG,1,MAGALIE SENECAL-J.,0,RG1000,0,
ICP - ST-ALEXIS WAREHOUSE,300000468,RECYCL. LAMINATED BAG FELIPURE UN 6KG,1,MAGALIE SENECAL-J.,0,RG1000,2,
ICP - ST-ALEXIS WAREHOUSE,300000469,RECYCL. LAMINATED BAG FELIPURE UN 12KG,1,MAGALIE SENECAL-J.,0,RG1000,0,
ICP - ST-ALEXIS WAREHOUSE,300000478,BAG CLAIR 5-6-7-8 KG,1,MAGALIE SENECAL-J.,0,RG1000,0,
ICP - ST-ALEXIS WAREHOUSE,300000479,BAG CLAIR 10-11-12 KG,1,MAGALIE SENECAL-J.,0,RG1000,0,
ICP - ST-ALEXIS WAREHOUSE,300000480,BAG CLAIR 14-15-16 KG,1,MAGALIE SENECAL-J.,0,RG1000,0,
ICP - ST-ALEXIS WAREHOUSE,300000481,BAG CLAIR 17-18-19 KG,1,MAGALIE SENECAL-J.,0,RG1000,0,
ICP - ST-ALEXIS WAREHOUSE,300000482,BAG DALPHOND UN 18KG,1,MAGALIE SENECAL-J.,0,RG1000,0,
ICP - ST-ALEXIS WAREHOUSE,300000483,BAG DALPHOND BP 18KG,1,MAGALIE SENECAL-J.,0,RG1000,0,
ICP - ST-ALEXIS WAREHOUSE,300000484,BAG DALPHOND LA 18KG,1,MAGALIE SENECAL-J.,0,RG1000,0,
ICP - ST-ALEXIS WAREHOUSE,300000485,BAG BOMBAY BP 10KG,1,MAGALIE SENECAL-J.,0,RG1000,0,
ICP - ST-ALEXIS WAREHOUSE,300000486,BAG SAHARA BP 10KG,1,MAGALIE SENECAL-J.,0,RG1000,0,
ICP - ST-ALEXIS WAREHOUSE,300000487,OB MC BAGS LAMINES EUCA 12KG,1,MAGALIE SENECAL-J.,0,RG1000,0,
ICP - ST-ALEXIS WAREHOUSE,300000492,BAG LEONPET SAND BP 10KG,1,MAGALIE SENECAL-J.,0,RG1000,90,
ICP - ST-ALEXIS WAREHOUSE,300000493,BAG INTERSAND PROA MAIS 9.1KG,1,MAGALIE SENECAL-J.,0,RG1000,90,
ICP - ST-ALEXIS WAREHOUSE,300000496,BAG (SUPL) O'SELECT UP Un 7KG,1,MAGALIE SENECAL-J.,8000,RG1000,5,
ICP - ST-ALEXIS WAREHOUSE,300000515,BAG (RL) OL MAXCARE UN 12KG V3,1,MAGALIE SENECAL-J.,0,RG1000,2,
ICP - ST-ALEXIS WAREHOUSE,300000537,BAG O'SELECT NATURE UN 12.7KG,1,MAGALIE SENECAL-J.,0,RG1000,90,
ICP - ST-ALEXIS WAREHOUSE,300000638,BAG ODOUR BUSTER MC Un 12KG,1,MAGALIE SENECAL-J.,0,RG1000,90,
ICP - ST-ALEXIS WAREHOUSE,300000644,BAG CANADIAN FINE Un 15KG,1,MAGALIE SENECAL-J.,0,RG1000,90,
ICP - ST-ALEXIS WAREHOUSE,400000001,SLIP SHEET,1,MAGALIE SENECAL-J.,0,RP3000,5,
ICP - ST-ALEXIS WAREHOUSE,400000005,HT DISP PALLET 40 X 48 4 WAY,1,MAGALIE SENECAL-J.,0,RP1000,5,
ICP - ST-ALEXIS WAREHOUSE,400000007,PECO PALLET 40 X 48,1,MAGALIE SENECAL-J.,0,RP1000,5,
ICP - ST-ALEXIS WAREHOUSE,400000011,FILM ROBOT EXTENSIBLE 115G,41,VINCENT B.GUILBERT,0,RP3000,0,
ICP - ST-ALEXIS WAREHOUSE,400000013,EURO SLIP SHEET - 32X48,1,MAGALIE SENECAL-J.,0,RP3000,5,
ICP - ST-ALEXIS WAREHOUSE,400000015,EURO PALLET HT,1,MAGALIE SENECAL-J.,0,RP1000,0,
ICP - ST-ALEXIS WAREHOUSE,400000016,CHEP PALLET (40 X 48),1,MAGALIE SENECAL-J.,0,RP1000,5,
ICP - ST-ALEXIS WAREHOUSE,400000017,DISPOSABLE PALLET (40X48),1,MAGALIE SENECAL-J.,0,RP1000,5,
ICP - ST-ALEXIS WAREHOUSE,400000021,GAYLORD TRAY (EU),1,MAGALIE SENECAL-J.,0,RP3000,0,
ICP - ST-ALEXIS WAREHOUSE,400000026,INFLATABLE SHIPPING BAGS 96'',1,MAGALIE SENECAL-J.,0,RP3000,30,
ICP - ST-ALEXIS WAREHOUSE,400000027,INFLATABLE SHIPPING BAGS 120'',1,MAGALIE SENECAL-J.,0,RP3000,30,
ICS - ST-ALEXIS PLANT,100000003,LIMESTONE / DOLOMITE,2,ISABELLE PICARD,0,RS3000,0,
ICS - ST-ALEXIS PLANT,100000013,CALCIUM CARBONATE 16X60 MODIFIED,2,ISABELLE PICARD,0,RS3000,7,
ICS - ST-ALEXIS PLANT,100000014,MONTMORILLONITE GRANULAR,2,ISABELLE PICARD,0,RS2000,30,
ICS - ST-ALEXIS PLANT,100000020,CORN 10/20,1,MAGALIE SENECAL-J.,3628,RS6000,1,
ICS - ST-ALEXIS PLANT,200000021,HYDROQUINONE,3,NANCY QUESSY,20,RA1000,30,
ICS - ST-ALEXIS PLANT,200000022,AF-50 ULTRATEFLON (DUST SUPPRESSANT),1,MAGALIE SENECAL-J.,200,RA3000,7,
ICS - ST-ALEXIS PLANT,200000024,SODIUM BICARBONATE (USP GRADE),1,MAGALIE SENECAL-J.,0,RA2000,30,
ICS - ST-ALEXIS PLANT,200000025,OXPURE ACTIVATED CARBON,3,NANCY QUESSY,200,RA1000,150,
ICS - ST-ALEXIS PLANT,200000028,GUM GUAR,2,ISABELLE PICARD,0,RA1000,14,
ICS - ST-ALEXIS PLANT,200000031,CANOLA OIL,1,MAGALIE SENECAL-J.,0,RA1000,150,
ICS - ST-ALEXIS PLANT,200000033,GUAR GUM,2,ISABELLE PICARD,1000,RA1000,60,
ICS - ST-ALEXIS PLANT,200000034,POLYSORBATE 20,3,NANCY QUESSY,36,RA1000,42,
ICS - ST-ALEXIS PLANT,200000042,FRAGRANCE FRESH BREEZE U10730,1,MAGALIE SENECAL-J.,0,RA1000,2,
ICS - ST-ALEXIS PLANT,200000050,FRAGRANCE CHAMOMILE - U-14102,1,MAGALIE SENECAL-J.,0,RA6000,0,
ICS - ST-ALEXIS PLANT,300000000,BAG ODOUR BUSTER MULTICAT UN 12KG,1,MAGALIE SENECAL-J.,0,RG1000,2,
ICS - ST-ALEXIS PLANT,300000014,BAG CLASSIC BP 7KG,1,MAGALIE SENECAL-J.,0,RG1000,2,
ICS - ST-ALEXIS PLANT,300000015,BAG CLASSIC UN 7KG,1,MAGALIE SENECAL-J.,0,RG1000,2,
ICS - ST-ALEXIS PLANT,300000301,BAG FRESSNAPF PE XL BP 12KG,1,MAGALIE SENECAL-J.,0,RG1000,2,
ICS - ST-ALEXIS PLANT,300000302,BAG FRESSNAPF PURE Un 12KG,1,MAGALIE SENECAL-J.,0,RG1000,90,
ICS - ST-ALEXIS PLANT,300000303,BAG FRESSNAPF PE Le 12KG,1,MAGALIE SENECAL-J.,0,RG1000,90,
ICS - ST-ALEXIS PLANT,300000304,BAG FRESSNAPF SENS Un 12KG,1,MAGALIE SENECAL-J.,0,RG1000,2,
ICS - ST-ALEXIS PLANT,300000305,BAG FRESSNAPF PE BP 12KG,1,MAGALIE SENECAL-J.,0,RG1000,2,
ICS - ST-ALEXIS PLANT,300000322,BAG CLASSIC BP 14KG,1,MAGALIE SENECAL-J.,0,RG1000,0,
ICS - ST-ALEXIS PLANT,300000328,BAG ODOUR LOCK BP 6KG,1,MAGALIE SENECAL-J.,0,RG1000,2,
ICS - ST-ALEXIS PLANT,300000329,RECYC LAMINATED BAG ODOUR LOCK BP 6KG,1,MAGALIE SENECAL-J.,0,RG1000,5,
ICS - ST-ALEXIS PLANT,300000333,RECYC LAMINATED BAG ODOUR LOCK UN 6KG,1,MAGALIE SENECAL-J.,0,RG1000,5,
ICS - ST-ALEXIS PLANT,300000337,RECYC LAMINATED BAG ODOUR LOCK CHLA 6KG,1,MAGALIE SENECAL-J.,0,RG1000,5,
ICS - ST-ALEXIS PLANT,300000340,POUCH ODOUR LOCK CHLA 6KG,2,ISABELLE PICARD,0,RG1000,2,
ICS - ST-ALEXIS PLANT,300000341,RECYC LAMINATED BAG ODOUR LOCK CB 6KG,1,MAGALIE SENECAL-J.,0,RG1000,5,
ICS - ST-ALEXIS PLANT,300000344,LAMINATED BAG MAXCARE UN 12KG,2,ISABELLE PICARD,0,RG1000,2,
ICS - ST-ALEXIS PLANT,300000345,RECYC LAMINATED BAG MAXCARE UN 12KG,1,MAGALIE SENECAL-J.,0,RG1000,5,
ICS - ST-ALEXIS PLANT,300000346,BAG SIMPLE UN 14KG,1,MAGALIE SENECAL-J.,0,RG1000,2,
ICS - ST-ALEXIS PLANT,300000347,BAG SIMPLE UN 10KG,1,MAGALIE SENECAL-J.,0,RG1000,2,
ICS - ST-ALEXIS PLANT,300000348,BAG SIMPLE UN 10KG,1,MAGALIE SENECAL-J.,0,RG1000,2,
ICS - ST-ALEXIS PLANT,300000349,BAG ECOLIFE FB 5.5KG,1,MAGALIE SENECAL-J.,1700,RG1000,2,
ICS - ST-ALEXIS PLANT,300000350,BAG OB ORIGINAL UN 6KG,1,MAGALIE SENECAL-J.,0,RG1000,2,
ICS - ST-ALEXIS PLANT,300000351,BAG OB ORIGINAL UN 6.4KG,1,MAGALIE SENECAL-J.,0,RG1000,90,
ICS - ST-ALEXIS PLANT,300000352,BAG OB MC UN 12KG,1,MAGALIE SENECAL-J.,13000,RG1000,1,
ICS - ST-ALEXIS PLANT,300000353,LAMINATED BAG OB MC UN 12KG,1,MAGALIE SENECAL-J.,0,RG1000,90,
ICS - ST-ALEXIS PLANT,300000355,BAG ODOUR BUSTER ORIGINAL UN 14KG,1,MAGALIE SENECAL-J.,30000,RG1000,2,
ICS - ST-ALEXIS PLANT,300000356,BAG SAHARA UN 7KG,1,MAGALIE SENECAL-J.,0,RG1000,90,
ICS - ST-ALEXIS PLANT,300000357,BAG SAHARA BP 7KG,1,MAGALIE SENECAL-J.,0,RG1000,90,
ICS - ST-ALEXIS PLANT,300000358,BAG SAHARA LA 7KG,1,MAGALIE SENECAL-J.,0,RG1000,90,
ICS - ST-ALEXIS PLANT,300000359,BAG SAHARA UN 10KG,1,MAGALIE SENECAL-J.,0,RG1000,90,
ICS - ST-ALEXIS PLANT,300000360,BAG SAHARA LA 10KG,1,MAGALIE SENECAL-J.,0,RG1000,90,
ICS - ST-ALEXIS PLANT,300000361,LAMINATED BAG SAHARA SUPREME UN 12KG,1,MAGALIE SENECAL-J.,0,RG1000,90,
ICS - ST-ALEXIS PLANT,300000362,BAG CANADA'S BEST LA 10KG,1,MAGALIE SENECAL-J.,1250,RG1000,1,
ICS - ST-ALEXIS PLANT,300000363,BAG CANADA'S BEST FB 10KG,1,MAGALIE SENECAL-J.,5000,RG1000,1,
ICS - ST-ALEXIS PLANT,300000364,BAG CANADA'S BEST UN 15KG,1,MAGALIE SENECAL-J.,0,RG1000,1,
ICS - ST-ALEXIS PLANT,300000365,BAG CANADA'S BEST BP 15KG,1,MAGALIE SENECAL-J.,3500,RG1000,1,
ICS - ST-ALEXIS PLANT,300000366,BAG O'SELECT NATURE UN 6.35KG,1,MAGALIE SENECAL-J.,0,RG1000,1,
ICS - ST-ALEXIS PLANT,300000367,BAG O'SELECT UP UN 7KG,1,MAGALIE SENECAL-J.,0,RG1000,90,
ICS - ST-ALEXIS PLANT,300000368,LAMINATED BAG O'SELECT UP UN 12KG,2,ISABELLE PICARD,0,RG1000,2,
ICS - ST-ALEXIS PLANT,300000369,LAMINATED BAG O'SELECT UP UN 12KG,1,MAGALIE SENECAL-J.,0,RG1000,2,
ICS - ST-ALEXIS PLANT,300000370,LAMINATED BAG O'SELECT UP FB 12KG,2,ISABELLE PICARD,0,RG1000,2,
ICS - ST-ALEXIS PLANT,300000371,LAMINATED BAG O'SELECT UP FB 12KG,1,MAGALIE SENECAL-J.,0,RG1000,2,
ICS - ST-ALEXIS PLANT,300000372,BAG O'SELECT NATURE UN 12.7KG,1,MAGALIE SENECAL-J.,625,RG1000,1,
ICS - ST-ALEXIS PLANT,300000373,BAG LEONPET ROYAL SUP UN 7KG,1,MAGALIE SENECAL-J.,0,RG1000,90,
ICS - ST-ALEXIS PLANT,300000374,BAG LEONPET SAND UN 10KG,1,MAGALIE SENECAL-J.,0,RG1000,1,
ICS - ST-ALEXIS PLANT,300000375,BAG LEONPET SAND BP 10KG,1,MAGALIE SENECAL-J.,0,RG1000,90,
ICS - ST-ALEXIS PLANT,300000376,BAG NOMADE BP 10KG,1,MAGALIE SENECAL-J.,0,RG1000,1,
ICS - ST-ALEXIS PLANT,300000377,BAG SUPREME CATS LA 10KG,1,MAGALIE SENECAL-J.,0,RG1000,90,
ICS - ST-ALEXIS PLANT,300000378,BAG CHICO CHICO UN 14KG,1,MAGALIE SENECAL-J.,0,RG1000,1,
ICS - ST-ALEXIS PLANT,300000379,BAG CHICO ODOUR OUT PPB UN 14KG,1,MAGALIE SENECAL-J.,0,RG1000,1,
ICS - ST-ALEXIS PLANT,300000380,BAG ENVIRO-MAGIC NAT UN 15KG,1,MAGALIE SENECAL-J.,0,RG1000,90,
ICS - ST-ALEXIS PLANT,300000381,BAG CANADIAN FINE UN 15KG,1,MAGALIE SENECAL-J.,0,RG1000,1,
ICS - ST-ALEXIS PLANT,300000382,BAG ENVIRO-MAGIC BP 15KG,1,MAGALIE SENECAL-J.,0,RG1000,90,
ICS - ST-ALEXIS PLANT,300000383,BAG ANIMAGO PPB UN 18KG,1,MAGALIE SENECAL-J.,0,RG1000,90,
ICS - ST-ALEXIS PLANT,300000384,BAG  O'SELECT MA 14KG,1,MAGALIE SENECAL-J.,0,RG1000,90,
ICS - ST-ALEXIS PLANT,300000385,BAG O'SELECT MA 14KG,1,MAGALIE SENECAL-J.,0,RG1000,1,
ICS - ST-ALEXIS PLANT,300000386,BAG O'SELECT UN 10KG,1,MAGALIE SENECAL-J.,0,RG1000,90,
ICS - ST-ALEXIS PLANT,300000387,BAG O'SELECT UN 10KG,1,MAGALIE SENECAL-J.,0,RG1000,90,
ICS - ST-ALEXIS PLANT,300000390,BAG PLB PRONATURE BP 12KG,1,MAGALIE SENECAL-J.,0,RG1000,2,
ICS - ST-ALEXIS PLANT,300000391,BAG PLB PRONATURE UN 12KG,1,MAGALIE SENECAL-J.,1000,RG1000,90,
ICS - ST-ALEXIS PLANT,300000394,BAG BUSINESSCOM HARMONY BP 10KG,1,MAGALIE SENECAL-J.,0,RG1000,2,
ICS - ST-ALEXIS PLANT,300000395,BAG BUSINESSCOM HARMONY LE 10KG,1,MAGALIE SENECAL-J.,0,RG1000,2,
ICS - ST-ALEXIS PLANT,300000396,BAG FELIPURE FRCG 6KG,1,MAGALIE SENECAL-J.,0,RG1000,90,
ICS - ST-ALEXIS PLANT,300000397,BAG FELIPURE FRCG 12KG,1,MAGALIE SENECAL-J.,0,RG1000,90,
ICS - ST-ALEXIS PLANT,300000398,BAG FELIPURE MC FRCG 6KG,1,MAGALIE SENECAL-J.,0,RG1000,90,
ICS - ST-ALEXIS PLANT,300000399,BAG FELIPURE MC FRCG 12KG,1,MAGALIE SENECAL-J.,0,RG1000,90,
ICS - ST-ALEXIS PLANT,300000400,BAG FELIPURE MC UN 6KG,1,MAGALIE SENECAL-J.,0,RG1000,90,
ICS - ST-ALEXIS PLANT,300000401,BAG FELIPURE MC UN 12KG,1,MAGALIE SENECAL-J.,0,RG1000,90,
ICS - ST-ALEXIS PLANT,300000402,BAG FELIPURE UN 6KG,1,MAGALIE SENECAL-J.,0,RG1000,0,
ICS - ST-ALEXIS PLANT,300000403,RECY LAMINATED BAG FELIPURE UN CAR 6KG,1,MAGALIE SENECAL-J.,0,RG1000,2,
ICS - ST-ALEXIS PLANT,300000404,BAG FELIPURE UN 12KG,1,MAGALIE SENECAL-J.,0,RG1000,0,
ICS - ST-ALEXIS PLANT,300000405,RECY LAMINATED BAG FELIPURE UN CAR 12KG,1,MAGALIE SENECAL-J.,0,RG1000,2,
ICS - ST-ALEXIS PLANT,300000406,BAG FELIPURE CHBL 6KG,1,MAGALIE SENECAL-J.,0,RG1000,90,
ICS - ST-ALEXIS PLANT,300000407,BAG FELIPURE CHBL 12KG,1,MAGALIE SENECAL-J.,0,RG1000,90,
ICS - ST-ALEXIS PLANT,300000410,BAG PETZEBA KYLI BP 14KG,1,MAGALIE SENECAL-J.,1000,RG1000,1,
ICS - ST-ALEXIS PLANT,300000425,BAG AGRIFARMA NEXT CAT LE 10KG,1,MAGALIE SENECAL-J.,0,RG1000,2,
ICS - ST-ALEXIS PLANT,300000426,BAG AGRIFARMA NEXT CAT UN 10KG,1,MAGALIE SENECAL-J.,0,RG1000,2,
ICS - ST-ALEXIS PLANT,300000427,BAG AGRIFARMA NEXT CAT LA 10KG,1,MAGALIE SENECAL-J.,0,RG1000,2,
ICS - ST-ALEXIS PLANT,300000428,BAG AGRIFARMA NEXT CAT BP 10KG,1,MAGALIE SENECAL-J.,0,RG1000,2,
ICS - ST-ALEXIS PLANT,300000429,BAG ANISERCO TOM&CO BP 12KG,1,MAGALIE SENECAL-J.,0,RG1000,2,
ICS - ST-ALEXIS PLANT,300000438,BAG CROCI SUPREME UN 10KG,1,MAGALIE SENECAL-J.,0,RG1000,2,
ICS - ST-ALEXIS PLANT,300000439,BAG CROCI SUPREME EU 10KG,1,MAGALIE SENECAL-J.,0,RG1000,2,
ICS - ST-ALEXIS PLANT,300000440,BAG PET LOVERS TRUSTIE UN 8.1KG,1,MAGALIE SENECAL-J.,500,RG1000,2,
ICS - ST-ALEXIS PLANT,300000460,BAG MATINA TIGERINO PI 12KG,1,MAGALIE SENECAL-J.,0,RG1000,2,
ICS - ST-ALEXIS PLANT,300000461,BAG MATINA TIGERINO OB 12KG,1,MAGALIE SENECAL-J.,0,RG1000,2,
ICS - ST-ALEXIS PLANT,300000462,BAG MATINA TIGERINO MAX OC 12KG,1,MAGALIE SENECAL-J.,0,RG1000,2,
ICS - ST-ALEXIS PLANT,300000464,RECYCL. LAMINATED BAG FELIPURE CHBL 6KG,1,MAGALIE SENECAL-J.,0,RG1000,2,
ICS - ST-ALEXIS PLANT,300000465,RECYCL. LAMINATED BAG FELIPURE CHBL 12KG,1,MAGALIE SENECAL-J.,0,RG1000,2,
ICS - ST-ALEXIS PLANT,300000466,RECYCL. LAMINATED BAG FELIPURE FRCG 6KG,1,MAGALIE SENECAL-J.,0,RG1000,2,
ICS - ST-ALEXIS PLANT,300000467,RECYCL. LAMINATED BAG FELIPURE FRCG 12KG,1,MAGALIE SENECAL-J.,0,RG1000,2,
ICS - ST-ALEXIS PLANT,300000468,RECYCL. LAMINATED BAG FELIPURE UN 6KG,1,MAGALIE SENECAL-J.,0,RG1000,2,
ICS - ST-ALEXIS PLANT,300000469,RECYCL. LAMINATED BAG FELIPURE UN 12KG,1,MAGALIE SENECAL-J.,0,RG1000,2,
ICS - ST-ALEXIS PLANT,300000473,NEW BAG O'SELECT NATURE UN 6.35KG,1,MAGALIE SENECAL-J.,650,RG1000,90,
ICS - ST-ALEXIS PLANT,300000477,TOTE BAG,1,MAGALIE SENECAL-J.,0,RG1000,0,
ICS - ST-ALEXIS PLANT,300000478,BAG CLAIR 5-6-7-8 KG,1,MAGALIE SENECAL-J.,0,RG1000,0,
ICS - ST-ALEXIS PLANT,300000479,BAG CLAIR 10-11-12 KG,1,MAGALIE SENECAL-J.,0,RG1000,0,
ICS - ST-ALEXIS PLANT,300000480,BAG CLAIR 14-15-16 KG,1,MAGALIE SENECAL-J.,0,RG1000,0,
ICS - ST-ALEXIS PLANT,300000481,BAG CLAIR 17-18-19 KG,1,MAGALIE SENECAL-J.,0,RG1000,0,
ICS - ST-ALEXIS PLANT,300000482,BAG DALPHOND UN 18KG,1,MAGALIE SENECAL-J.,0,RG1000,0,
ICS - ST-ALEXIS PLANT,300000483,BAG DALPHOND BP 18KG,1,MAGALIE SENECAL-J.,0,RG1000,0,
ICS - ST-ALEXIS PLANT,300000484,BAG DALPHOND LA 18KG,1,MAGALIE SENECAL-J.,0,RG1000,0,
ICS - ST-ALEXIS PLANT,300000485,BAG BOMBAY BP 10KG,1,MAGALIE SENECAL-J.,0,RG1000,0,
ICS - ST-ALEXIS PLANT,300000486,BAG SAHARA BP 10KG,1,MAGALIE SENECAL-J.,0,RG1000,0,
ICS - ST-ALEXIS PLANT,300000487,OB MC BAGS LAMINES EUCA 12KG,1,MAGALIE SENECAL-J.,0,RG1000,0,
ICS - ST-ALEXIS PLANT,300000492,BAG LEONPET SAND BP 10KG,1,MAGALIE SENECAL-J.,0,RG1000,90,
ICS - ST-ALEXIS PLANT,300000493,BAG INTERSAND PROA MAIS 9.1KG,1,MAGALIE SENECAL-J.,1200,RG1000,2,
ICS - ST-ALEXIS PLANT,300000494,BAG FRESSNAPF CHBL 12KG,1,MAGALIE SENECAL-J.,0,RG1000,90,
ICS - ST-ALEXIS PLANT,300000496,BAG (SUPL) O'SELECT UP Un 7KG,1,MAGALIE SENECAL-J.,0,RG1000,2,
ICS - ST-ALEXIS PLANT,300000506,BAG BUSINESSCOM HARMONY BP 10KG,1,MAGALIE SENECAL-J.,0,RG1000,2,
ICS - ST-ALEXIS PLANT,300000514,BAG (RL) - ODOUR LOCK CB 6KG V3,1,MAGALIE SENECAL-J.,0,RG1000,5,
ICS - ST-ALEXIS PLANT,300000515,BAG (RL) OL MAXCARE UN 12KG V3,1,MAGALIE SENECAL-J.,0,RG1000,5,
ICS - ST-ALEXIS PLANT,300000537,BAG O'SELECT NATURE UN 12.7KG,1,MAGALIE SENECAL-J.,0,RG1000,7,
ICS - ST-ALEXIS PLANT,300000550,BAG CLASSIC CARBON 12KG,1,MAGALIE SENECAL-J.,18800,RG1000,0,
ICS - ST-ALEXIS PLANT,300000638,BAG ODOUR BUSTER MC Un 12KG,1,MAGALIE SENECAL-J.,0,RG1000,1,
ICS - ST-ALEXIS PLANT,300000644,BAG CANADIAN FINE Un 15KG,1,MAGALIE SENECAL-J.,7500,RG1000,1,
ICS - ST-ALEXIS PLANT,300000659,BAG CROCI SUPREME Un 10KG,1,MAGALIE SENECAL-J.,0,RG1000,2,
ICS - ST-ALEXIS PLANT,300000660,BAG CROCI SUPREME Eu 10KG,1,MAGALIE SENECAL-J.,0,RG1000,2,
ICS - ST-ALEXIS PLANT,400000000,EXTENSIBLE FILM ROBOT R-122 80G 20X5500,41,VINCENT B.GUILBERT,0,RP3000,30,
ICS - ST-ALEXIS PLANT,400000001,SLIP SHEET,1,MAGALIE SENECAL-J.,500,RP3000,2,
ICS - ST-ALEXIS PLANT,400000004,SHEETING 70''X2MIL,1,MAGALIE SENECAL-J.,0,RP3000,30,
ICS - ST-ALEXIS PLANT,400000005,HT DISP PALLET 40 X 48 4 WAY,1,MAGALIE SENECAL-J.,0,RP1000,5,
ICS - ST-ALEXIS PLANT,400000007,PECO PALLET 40 X 48,1,MAGALIE SENECAL-J.,0,RP1000,5,
ICS - ST-ALEXIS PLANT,400000011,FILM ROBOT EXTENSIBLE 115G,41,VINCENT B.GUILBERT,300,RP3000,30,
ICS - ST-ALEXIS PLANT,400000012,FILM ROBOT EXTENSIBLE 20 x 55G x6000,1,MAGALIE SENECAL-J.,0,RP3000,30,
ICS - ST-ALEXIS PLANT,400000013,EURO SLIP SHEET - 32X48,1,MAGALIE SENECAL-J.,500,RP3000,2,
ICS - ST-ALEXIS PLANT,400000014,"TOP SHEET 60""X72"" CLAIR 1MIL  ROULEAUX",41,VINCENT B.GUILBERT,1250,RP3000,30,
ICS - ST-ALEXIS PLANT,400000015,EURO PALLET HT,1,MAGALIE SENECAL-J.,0,RP1000,7,
ICS - ST-ALEXIS PLANT,400000016,CHEP PALLET (40 X 48),1,MAGALIE SENECAL-J.,0,RP1000,5,
ICS - ST-ALEXIS PLANT,400000017,DISPOSABLE PALLET (40X48),1,MAGALIE SENECAL-J.,0,RP1000,5,
ICS - ST-ALEXIS PLANT,400000021,GAYLORD TRAY (EU),1,MAGALIE SENECAL-J.,0,RP3000,90,
ICS - ST-ALEXIS PLANT,400000026,INFLATABLE SHIPPING BAGS 96'',1,MAGALIE SENECAL-J.,0,RP3000,30,
ICS - ST-ALEXIS PLANT,400000027,INFLATABLE SHIPPING BAGS 120'',1,MAGALIE SENECAL-J.,0,RP3000,30,
ICS - ST-ALEXIS PLANT,500000022,BLÜCARE 15G FOR MAXCARE (SB 5X88),1,MAGALIE SENECAL-J.,200,RA5000,5,
