Created On,Next Schedule Line Date,Created By,Purchasing Group Name,Purchase Order,Material,Material Number,Plant Name,Supplier,Quantity to be Delivered,Order Quantity,Order Type,
8/21/25,8/26/25,Nancy Quessy,NANCY QUESSY,4500013245,CALCIUM CARBONATE 16X60 MODIFIED (100000013),100000013,IAW - WINDSOR PLANT,"PETE LIEN & SONS, INC. (1000388)",267.9,390,Standard PO (NB),
9/17/25,10/7/25,Sina Sabbaghian,MAGALIE SENECAL-J.,4500014161,LIMESTONE / DOLOMITE (100000003),100000003,ICE - ETOBICOKE PLANT,E.C. KING CONTRACTING (1001377),41.77,200,Standard PO (NB),
9/5/25,10/15/25,Sina Sabbaghian,NANCY QUESSY,4500013753,PECO PALLET 40 X 48 (400000007),400000007,IAW - WINDSOR PLANT,PALETTE PECO CANADA INC. (1000387),150,150,Standard PO (NB),
9/5/25,10/22/25,Sina Sabbaghian,NANCY QUESSY,4500013776,NEW HT DISP PALLET 40 X 48 4 WAY (400000006),400000006,IAW - WINDSOR PLANT,GO GREEN PALLET CO. INC. (1000551),520,520,Standard PO (NB),
9/4/25,10/29/25,Sina Sabbaghian,NANCY QUESSY,4500013659,HT DISP PALLET 40 X 48 4 WAY (400000005),400000005,IAW - WINDSOR PLANT,PRO PALLET INC. (1000315),520,520,Standard PO (NB),
9/4/25,10/30/25,Sina Sabbaghian,NANCY QUESSY,4500013659,HT DISP PALLET 40 X 48 4 WAY (400000005),400000005,IAW - WINDSOR PLANT,PRO PALLET INC. (1000315),520,520,Standard PO (NB),
10/27/25,11/1/25,Julien Chenard,ISABELLE PICARD,4500015527,CALCIUM CARBONATE 16X60 MODIFIED (100000013),100000013,ICB - BOUCHERVILLE PLANT,GRAYMONT (QC) INC (1001375),9.02,480,Standard PO (NB),
10/30/25,11/5/25,Vincent Blain-Guilbert,VINCENT B.GUILBERT,4500015753,LIMESTONE / DOLOMITE (100000003),100000003,ICE - ETOBICOKE PLANT,GRAYMONT (PORTNEUF) INC. (1001374),46.27,160,Standard PO (NB),
10/31/25,11/6/25,Nancy Quessy,NANCY QUESSY,4500015770,CALCIUM CARBONATE 16X60 MODIFIED (100000013),100000013,IAW - WINDSOR PLANT,"PETE LIEN & SONS, INC. (1000388)",100.773,450,Standard PO (NB),
10/30/25,11/7/25,Sina Sabbaghian,VINCENT B.GUILBERT,4500015748,CALCIUM CARBONATE 16X60 MODIFIED (100000013),100000013,ICB - BOUCHERVILLE PLANT,GRAYMONT (QC) INC (1001375),18.6,520,Standard PO (NB),
7/25/25,11/11/25,Julien Chenard,ISABELLE PICARD,4500012396,CALCIUM CARBONATE 16X60 MODIFIED (100000013),100000013,ICB - BOUCHERVILLE PLANT,GRAYMONT (QC) INC (1001375),53.25,480,Standard PO (NB),
10/8/25,11/11/25,Julien Chenard,ISABELLE PICARD,4500014874,DISPOSABLE PALLET (40X48) (400000017),400000017,ICB - BOUCHERVILLE PLANT,NIAGARA PALLET & RECYCLERS LTD (1001184),520,520,Standard PO (NB),
10/8/25,11/11/25,Julien Chenard,ISABELLE PICARD,4500014874,EURO PALLET HT (400000015),400000015,ICB - BOUCHERVILLE PLANT,NIAGARA PALLET & RECYCLERS LTD (1001184),663,663,Standard PO (NB),
9/5/25,11/17/25,Sina Sabbaghian,NANCY QUESSY,4500013777,NEW HT DISP PALLET 40 X 48 4 WAY (400000006),400000006,IAW - WINDSOR PLANT,GO GREEN PALLET CO. INC. (1000551),520,520,Standard PO (NB),
9/5/25,11/24/25,Sina Sabbaghian,NANCY QUESSY,4500013755,PECO PALLET 40 X 48 (400000007),400000007,IAW - WINDSOR PLANT,PALETTE PECO CANADA INC. (1000387),150,150,Standard PO (NB),
9/5/25,11/24/25,Sina Sabbaghian,NANCY QUESSY,4500013777,NEW HT DISP PALLET 40 X 48 4 WAY (400000006),400000006,IAW - WINDSOR PLANT,GO GREEN PALLET CO. INC. (1000551),520,520,Standard PO (NB),
9/5/25,11/27/25,Sina Sabbaghian,VINCENT B.GUILBERT,4500013779,HT DISP PALLET 40 X 48 4 WAY (400000005),400000005,IAW - WINDSOR PLANT,PRO PALLET INC. (1000315),520,520,Standard PO (NB),
9/5/25,11/28/25,Sina Sabbaghian,VINCENT B.GUILBERT,4500013779,HT DISP PALLET 40 X 48 4 WAY (400000005),400000005,IAW - WINDSOR PLANT,PRO PALLET INC. (1000315),520,520,Standard PO (NB),
9/5/25,11/28/25,Sina Sabbaghian,NANCY QUESSY,4500013782,NEW HT DISP PALLET 40 X 48 4 WAY (400000006),400000006,IAW - WINDSOR PLANT,PRO PALLET INC. (1000315),520,520,Standard PO (NB),
12/8/25,12/8/25,Vincent Blain-Guilbert,VINCENT B.GUILBERT,4500017068,EURO PALLET HT (400000015),400000015,ICS - ST-ALEXIS PLANT,RÉCUPÉRATION THÉRIAULT (1001250),500,500,Standard PO (NB),
12/3/25,12/10/25,Vincent Blain-Guilbert,VINCENT B.GUILBERT,4500016958,LIMESTONE / DOLOMITE (100000003),100000003,ICE - ETOBICOKE PLANT,GRAYMONT (PORTNEUF) INC. (1001374),7.72,120,Standard PO (NB),
12/4/25,12/11/25,Vincent Blain-Guilbert,VINCENT B.GUILBERT,4500017007,CALCIUM CARBONATE 16X60 MODIFIED (100000013),100000013,ICB - BOUCHERVILLE PLANT,GRAYMONT (PORTNEUF) INC. (1001374),48,160,Standard PO (NB),
12/4/25,12/12/25,Vincent Blain-Guilbert,VINCENT B.GUILBERT,4500016998,CALCIUM CARBONATE 16X60 MODIFIED (100000013),100000013,ICB - BOUCHERVILLE PLANT,GRAYMONT (QC) INC (1001375),19.56,520,Standard PO (NB),
9/5/25,12/15/25,Sina Sabbaghian,NANCY QUESSY,4500013778,NEW HT DISP PALLET 40 X 48 4 WAY (400000006),400000006,IAW - WINDSOR PLANT,GO GREEN PALLET CO. INC. (1000551),520,520,Standard PO (NB),
12/12/25,12/17/25,Vincent Blain-Guilbert,VINCENT B.GUILBERT,4500017266,CALCIUM CARBONATE 16X60 MODIFIED (100000013),100000013,ICB - BOUCHERVILLE PLANT,GRAYMONT (PORTNEUF) INC. (1001374),7.19,120,Standard PO (NB),
10/10/25,12/18/25,Vincent Blain-Guilbert,NANCY QUESSY,4500014957,JUG HEB ORIGINAL UN 20LB (300000066),300000066,IAW - WINDSOR PLANT,TRICORBRAUN INC. (1000334),7680,7680,Standard PO (NB),
10/10/25,12/18/25,Vincent Blain-Guilbert,NANCY QUESSY,4500014957,DISPOSABLE PALLET (40X48) (400000017),400000017,IAW - WINDSOR PLANT,TRICORBRAUN INC. (1000334),30,30,Standard PO (NB),
12/12/25,12/18/25,Vincent Blain-Guilbert,VINCENT B.GUILBERT,4500017261,LIMESTONE / DOLOMITE (100000003),100000003,ICE - ETOBICOKE PLANT,E.C. KING CONTRACTING (1001377),6.71,80,Standard PO (NB),
12/12/25,12/18/25,Vincent Blain-Guilbert,VINCENT B.GUILBERT,4500017262,LIMESTONE / DOLOMITE (100000003),100000003,ICE - ETOBICOKE PLANT,GRAYMONT (PORTNEUF) INC. (1001374),6.83,120,Standard PO (NB),
12/12/25,12/19/25,Vincent Blain-Guilbert,VINCENT B.GUILBERT,4500017264,CALCIUM CARBONATE 16X60 MODIFIED (100000013),100000013,ICB - BOUCHERVILLE PLANT,GRAYMONT (QC) INC (1001375),12.82,560,Standard PO (NB),
9/5/25,12/22/25,Sina Sabbaghian,NANCY QUESSY,4500013778,NEW HT DISP PALLET 40 X 48 4 WAY (400000006),400000006,IAW - WINDSOR PLANT,GO GREEN PALLET CO. INC. (1000551),520,520,Standard PO (NB),
11/26/25,12/22/25,Vincent Blain-Guilbert,VINCENT B.GUILBERT,4500016682,CALCIUM CARBONATE 16X60 MODIFIED (100000013),100000013,ICS - ST-ALEXIS PLANT,GRAYMONT (PORTNEUF) INC. (1001374),11.94,320,Standard PO (NB),
12/17/25,12/22/25,Magalie Sénécal-Jean,MAGALIE SENECAL-J.,4500017469,BLUE SPECKLES (500000312),500000312,ICE - ETOBICOKE PLANT,ICN - Usine/Plant Newton (2912),3780,18270,StockTranspOrderDel (UD),
12/18/25,12/22/25,Vincent Blain-Guilbert,VINCENT B.GUILBERT,4500017542,LIMESTONE / DOLOMITE (100000003),100000003,ICE - ETOBICOKE PLANT,GRAYMONT (PORTNEUF) INC. (1001374),4.26,80,Standard PO (NB),
12/18/25,12/22/25,Nancy Quessy,NANCY QUESSY,4500017550,BAG BOXIECAT ORIGINAL SC 28LB - 103A (300000051),300000051,IAW - WINDSOR PLANT,,2560,2560,Stock Transp. Order (UB),
12/18/25,12/22/25,Nancy Quessy,NANCY QUESSY,4500017550,BAG BOXIECAT EXTRA UN 28LB - 105A (300000060),300000060,IAW - WINDSOR PLANT,,7680,7680,Stock Transp. Order (UB),
12/18/25,12/22/25,Nancy Quessy,NANCY QUESSY,4500017550,BAG BOXIECAT ORIGINAL UN 28LB - 101A (300000061),300000061,IAW - WINDSOR PLANT,,27855,27855,Stock Transp. Order (UB),
12/19/25,12/22/25,Vincent Blain-Guilbert,VINCENT B.GUILBERT,4500017616,EURO PALLET HT (400000015),400000015,ICS - ST-ALEXIS PLANT,YVON BAZINET (1001370),14,165,Standard PO (NB),
12/19/25,12/22/25,Vincent Blain-Guilbert,VINCENT B.GUILBERT,4500017617,DISPOSABLE PALLET (40X48) (400000017),400000017,ICS - ST-ALEXIS PLANT,RÉCUPÉRATION THÉRIAULT (1001250),30,550,Standard PO (NB),
12/17/25,12/23/25,Vincent Blain-Guilbert,VINCENT B.GUILBERT,4500017455,CALCIUM CARBONATE 16X60 MODIFIED (100000013),100000013,ICB - BOUCHERVILLE PLANT,GRAYMONT (QC) INC (1001375),12.53,298,Standard PO (NB),
12/18/25,12/29/25,Vincent Blain-Guilbert,VINCENT B.GUILBERT,4500017544,LIMESTONE / DOLOMITE (100000003),100000003,ICE - ETOBICOKE PLANT,GRAYMONT (PORTNEUF) INC. (1001374),2.5,40,Standard PO (NB),
12/18/25,12/30/25,Vincent Blain-Guilbert,VINCENT B.GUILBERT,4500017499,CALCIUM CARBONATE 16X60 MODIFIED (100000013),100000013,ICB - BOUCHERVILLE PLANT,GRAYMONT (QC) INC (1001375),10.3,240,Standard PO (NB),
3/27/25,12/31/25,Carson Kith,MAGALIE SENECAL-J.,4500008549,BAG ANISERCO TOM&CO GOOD BP 12KG EUR (300000430),300000430,ICN - NEWTON PLANT,OMNIPLAST (1000501),10200,94350,Standard PO (NB),
6/23/25,12/31/25,Carson Kith,MAGALIE SENECAL-J.,4500011426,BAG AGRIFARMA NEXT CAT LA 10KG (300000427),300000427,ICN - NEWTON PLANT,OMNIPLAST (1000501),24600,70500,Standard PO (NB),
6/23/25,12/31/25,Carson Kith,MAGALIE SENECAL-J.,4500011426,BAG AGRIFARMA NEXT CAT BP 10KG (300000428),300000428,ICN - NEWTON PLANT,OMNIPLAST (1000501),19250,49850,Standard PO (NB),
7/8/25,12/31/25,Carson Kith,MAGALIE SENECAL-J.,4500011826,BAG ANISERCO TOM&CO GOOD UN 12KG EUR (300000530),300000530,ICN - NEWTON PLANT,OMNIPLAST (1000501),45020,106220,Standard PO (NB),
10/16/25,12/31/25,Magalie Sénécal-Jean,MAGALIE SENECAL-J.,4500015158,BAG AGRIFARMA NEXT CAT UN 10KG (300000426),300000426,ICN - NEWTON PLANT,OMNIPLAST (1000501),37050,60000,Standard PO (NB),
10/20/25,12/31/25,Magalie Sénécal-Jean,MAGALIE SENECAL-J.,4500015257,BAG FRESSNAPF PE XL BP 12KG (300000301),300000301,ICN - NEWTON PLANT,OMNIPLAST (1000501),200000,200000,Standard PO (NB),
10/20/25,12/31/25,Magalie Sénécal-Jean,MAGALIE SENECAL-J.,4500015257,BAG FRESSNAPF PE BP 12KG (300000305),300000305,ICN - NEWTON PLANT,OMNIPLAST (1000501),350000,350000,Standard PO (NB),
12/30/25,12/31/25,Julien Chenard,ISABELLE PICARD,4500017880,CALCIUM CARBONATE 16X60 MODIFIED (100000013),100000013,ICB - BOUCHERVILLE PLANT,GRAYMONT (QC) INC (1001375),3.07,80,Standard PO (NB),
9/8/25,1/5/26,Nancy Quessy,ISABELLE PICARD,4500013828,CHEP PALLET (40 X 48) (400000016),400000016,ICB - BOUCHERVILLE PLANT,EMBALLAGES KRUGER S.E.C. (1001540),316,1096,Standard PO (NB),
10/31/25,1/5/26,Magalie Sénécal-Jean,NANCY QUESSY,4500015780,BAG BOXIECAT PRO BOT 16LB - BOT (300000645),300000645,IAN - WASTENOT MGMT WINDSOR,MONDI JACKSON (1002134),50000,50000,Standard PO (NB),
12/18/25,1/5/26,Vincent Blain-Guilbert,VINCENT B.GUILBERT,4500017501,CALCIUM CARBONATE 16X60 MODIFIED (100000013),100000013,ICB - BOUCHERVILLE PLANT,GRAYMONT (QC) INC (1001375),362.52,480,Standard PO (NB),
12/18/25,1/5/26,Vincent Blain-Guilbert,VINCENT B.GUILBERT,4500017534,EURO PALLET HT (400000015),400000015,ICE - ETOBICOKE PLANT,NIAGARA PALLET & RECYCLERS LTD (1001184),640,640,Standard PO (NB),
12/18/25,1/5/26,Vincent Blain-Guilbert,VINCENT B.GUILBERT,4500017546,LIMESTONE / DOLOMITE (100000003),100000003,ICE - ETOBICOKE PLANT,GRAYMONT (PORTNEUF) INC. (1001374),201.77,240,Standard PO (NB),
12/18/25,1/5/26,Vincent Blain-Guilbert,VINCENT B.GUILBERT,4500017594,CALCIUM CARBONATE 16X60 MODIFIED (100000013),100000013,IAW - WINDSOR PLANT,"PETE LIEN & SONS, INC. (1000388)",419.65,450,Standard PO (NB),
10/29/25,1/6/26,Vincent Blain-Guilbert,NANCY QUESSY,4500015677,PAIL BLAIN UN 35LB (300000084),300000084,IAW - WINDSOR PLANT,IPL NORTH AMERICA INC. (1000282),9680,9680,Standard PO (NB),
10/29/25,1/6/26,Vincent Blain-Guilbert,NANCY QUESSY,4500015677,SQUARE LID TEAR STRIP WHITE IN BDL (300000092),300000092,IAW - WINDSOR PLANT,IPL NORTH AMERICA INC. (1000282),16000,16000,Standard PO (NB),
12/5/25,1/6/26,Nancy Quessy,NANCY QUESSY,4500017044,PAIL HEB PRO SC 35LB (300000087),300000087,IAW - WINDSOR PLANT,MAUSER PACKAGING (1000295),12480,12480,Standard PO (NB),
12/8/25,1/6/26,Nancy Quessy,NANCY QUESSY,4500017084,ZEOLITE BLUE (100000017),100000017,IAW - WINDSOR PLANT,ZEOTECH - TILDEN ZEOLITE (1000346),17,17,Standard PO (NB),
12/8/25,1/6/26,Nancy Quessy,NANCY QUESSY,4500017084,ZEOLITE TURQUOISE (100000010),100000010,IAW - WINDSOR PLANT,ZEOTECH - TILDEN ZEOLITE (1000346),3,3,Standard PO (NB),
12/17/25,1/6/26,Vincent Blain-Guilbert,VINCENT B.GUILBERT,4500017444,CALCIUM CARBONATE 16X60 MODIFIED (100000013),100000013,ICS - ST-ALEXIS PLANT,GRAYMONT (PORTNEUF) INC. (1001374),281.6,320,Standard PO (NB),
12/18/25,1/6/26,Vincent Blain-Guilbert,VINCENT B.GUILBERT,4500017505,CALCIUM CARBONATE 16X60 MODIFIED (100000013),100000013,ICB - BOUCHERVILLE PLANT,GRAYMONT (PORTNEUF) INC. (1001374),120,120,Standard PO (NB),
12/18/25,1/6/26,Vincent Blain-Guilbert,VINCENT B.GUILBERT,4500017602,PECO PALLET 40 X 48 (400000007),400000007,ICB - BOUCHERVILLE PLANT,PALETTE PECO CANADA INC. (1000387),3808,3808,Standard PO (NB),
9/8/25,1/7/26,Nancy Quessy,ISABELLE PICARD,4500013828,BOX QUALICAT EXTRA PI 22.7KG (300000540),300000540,ICB - BOUCHERVILLE PLANT,EMBALLAGES KRUGER S.E.C. (1001540),126400,437720,Standard PO (NB),
9/8/25,1/7/26,Nancy Quessy,ISABELLE PICARD,4500013828,BOX QUALICAT EXTRA PI 22.7KG (300000540),300000540,ICE - ETOBICOKE PLANT,EMBALLAGES KRUGER S.E.C. (1001540),128000,240000,Standard PO (NB),
9/8/25,1/7/26,Nancy Quessy,ISABELLE PICARD,4500013828,CHEP PALLET (40 X 48) (400000016),400000016,ICE - ETOBICOKE PLANT,EMBALLAGES KRUGER S.E.C. (1001540),320,600,Standard PO (NB),
10/10/25,1/7/26,Vincent Blain-Guilbert,NANCY QUESSY,4500014955,JUG HEB ORIGINAL UN 20LB (300000066),300000066,IAW - WINDSOR PLANT,TRICORBRAUN INC. (1000334),7680,7680,Standard PO (NB),
10/10/25,1/7/26,Vincent Blain-Guilbert,NANCY QUESSY,4500014955,DISPOSABLE PALLET (40X48) (400000017),400000017,IAW - WINDSOR PLANT,TRICORBRAUN INC. (1000334),30,30,Standard PO (NB),
11/12/25,1/7/26,Nancy Quessy,NANCY QUESSY,4500016194,2X20LB BLANK BOX FOR JUGS (300000031),300000031,IAG - WASTENOT MGMT GREELEY,WESTROCK (1000343),24000,24000,Standard PO (NB),
12/3/25,1/7/26,Nancy Quessy,NANCY QUESSY,4500016949,PAIL HEB ORIGINAL UN 35LB (300000086),300000086,IAW - WINDSOR PLANT,MAUSER PACKAGING (1000295),12480,12480,Standard PO (NB),
12/10/25,1/7/26,Vincent Blain-Guilbert,VINCENT B.GUILBERT,4500017188,CALCO-INTER (200000029),200000029,ICN - NEWTON PLANT,GRAYMONT (PORTNEUF) INC. (1001374),96000,96000,Standard PO (NB),
12/24/25,1/7/26,Magalie Sénécal-Jean,MAGALIE SENECAL-J.,4500017804,FILM ROBOT EXTENSIBLE 115G (400000011),400000011,ICS - ST-ALEXIS PLANT,LES EMBALLAGES CARROUSEL INC. (1001114),160,160,Standard PO (NB),
10/10/25,1/8/26,Vincent Blain-Guilbert,NANCY QUESSY,4500014958,JUG HEB ORIGINAL UN 20LB (300000066),300000066,IAW - WINDSOR PLANT,TRICORBRAUN INC. (1000334),7680,7680,Standard PO (NB),
10/10/25,1/8/26,Vincent Blain-Guilbert,NANCY QUESSY,4500014958,DISPOSABLE PALLET (40X48) (400000017),400000017,IAW - WINDSOR PLANT,TRICORBRAUN INC. (1000334),30,30,Standard PO (NB),
10/10/25,1/8/26,Vincent Blain-Guilbert,NANCY QUESSY,4500014975,JUG HEB PRO SC 20LB (300000067),300000067,IAW - WINDSOR PLANT,TRICORBRAUN INC. (1000334),7680,7680,Standard PO (NB),
10/10/25,1/8/26,Vincent Blain-Guilbert,NANCY QUESSY,4500014975,DISPOSABLE PALLET (40X48) (400000017),400000017,IAW - WINDSOR PLANT,TRICORBRAUN INC. (1000334),30,30,Standard PO (NB),
11/12/25,1/8/26,Nancy Quessy,NANCY QUESSY,4500016191,3X14LB BLANK BOX FOR JUGS (300000020),300000020,IAG - WASTENOT MGMT GREELEY,WESTROCK (1000343),18000,18000,Standard PO (NB),
12/18/25,1/8/26,Vincent Blain-Guilbert,VINCENT B.GUILBERT,4500017531,PECO PALLET 40 X 48 (400000007),400000007,ICE - ETOBICOKE PLANT,PALETTE PECO CANADA INC. (1000387),540,540,Standard PO (NB),
12/18/25,1/8/26,Vincent Blain-Guilbert,VINCENT B.GUILBERT,4500017601,CHEP PALLET (40 X 48) (400000016),400000016,ICB - BOUCHERVILLE PLANT,CHEP CANADA CORP. (1001476),1904,1904,Standard PO (NB),
12/19/25,1/8/26,Vincent Blain-Guilbert,VINCENT B.GUILBERT,4500017612,EURO PALLET HT (400000015),400000015,ICB - BOUCHERVILLE PLANT,NIAGARA PALLET & RECYCLERS LTD (1001184),4641,4641,Standard PO (NB),
1/5/26,1/8/26,Magalie Sénécal-Jean,MAGALIE SENECAL-J.,4500017897,BLUE SPECKLES (500000312),500000312,ICE - ETOBICOKE PLANT,ICN - Usine/Plant Newton (2912),11165,11165,StockTranspOrderDel (UD),
1/5/26,1/8/26,Magalie Sénécal-Jean,MAGALIE SENECAL-J.,4500017897,SLIP SHEET (400000001),400000001,ICE - ETOBICOKE PLANT,ICN - Usine/Plant Newton (2912),500,500,StockTranspOrderDel (UD),
1/5/26,1/8/26,Magalie Sénécal-Jean,MAGALIE SENECAL-J.,4500017897,EURO SLIP SHEET - 32X48 (400000013),400000013,ICE - ETOBICOKE PLANT,ICN - Usine/Plant Newton (2912),500,500,StockTranspOrderDel (UD),
1/5/26,1/8/26,Magalie Sénécal-Jean,MAGALIE SENECAL-J.,4500017897,CHEP PALLET (40 X 48) (400000016),400000016,ICE - ETOBICOKE PLANT,ICN - Usine/Plant Newton (2912),2,2,StockTranspOrderDel (UD),
1/5/26,1/8/26,Magalie Sénécal-Jean,MAGALIE SENECAL-J.,4500017897,CLUMPING MIXTURE (500000338),500000338,ICE - ETOBICOKE PLANT,ICN - Usine/Plant Newton (2912),343,343,StockTranspOrderDel (UD),
1/5/26,1/8/26,Magalie Sénécal-Jean,MAGALIE SENECAL-J.,4500017897,SC STONE CALMING BREEZE (CB) 10KG PAIL (500000332),500000332,ICE - ETOBICOKE PLANT,ICN - Usine/Plant Newton (2912),50,50,StockTranspOrderDel (UD),
1/5/26,1/8/26,Magalie Sénécal-Jean,MAGALIE SENECAL-J.,4500017897,SC STONE OLLAV-CHAMOMILE (OC) 10KG PAIL (500000333),500000333,ICE - ETOBICOKE PLANT,ICN - Usine/Plant Newton (2912),50,50,StockTranspOrderDel (UD),
10/10/25,1/9/26,Vincent Blain-Guilbert,NANCY QUESSY,4500014976,JUG HEB PRO SC 20LB (300000067),300000067,IAW - WINDSOR PLANT,TRICORBRAUN INC. (1000334),7680,7680,Standard PO (NB),
10/10/25,1/9/26,Vincent Blain-Guilbert,NANCY QUESSY,4500014976,DISPOSABLE PALLET (40X48) (400000017),400000017,IAW - WINDSOR PLANT,TRICORBRAUN INC. (1000334),30,30,Standard PO (NB),
11/12/25,1/9/26,Magalie Sénécal-Jean,MAGALIE SENECAL-J.,4500016153,BAG ANISERCO TOM&CO GOOD BP 7KG EUR (300000531),300000531,ICN - NEWTON PLANT,OMNIPLAST (1000501),20000,20000,Standard PO (NB),
12/5/25,1/9/26,Nancy Quessy,NANCY QUESSY,4500017042,PAIL HEB ORIGINAL UN 35LB (300000086),300000086,IAW - WINDSOR PLANT,MAUSER PACKAGING (1000295),12480,12480,Standard PO (NB),
12/18/25,1/9/26,Magalie Sénécal-Jean,MAGALIE SENECAL-J.,4500017496,BAG SO PHRESH ADV. OC Un 40LB (300000657),300000657,ICE - ETOBICOKE PLANT,OMNIPLAST (1000501),150000,150000,Standard PO (NB),
10/10/25,1/12/26,Nancy Quessy,NANCY QUESSY,4500014925,JUG HEB PRO UN 14LB (300000065),300000065,IAW - WINDSOR PLANT,TRICORBRAUN INC. (1000334),8640,8640,Standard PO (NB),
10/10/25,1/12/26,Nancy Quessy,NANCY QUESSY,4500014925,DISPOSABLE PALLET (40X48) (400000017),400000017,IAW - WINDSOR PLANT,TRICORBRAUN INC. (1000334),30,30,Standard PO (NB),
12/2/25,1/12/26,Nancy Quessy,NANCY QUESSY,4500016892,LID SQ MAUSER 35LB (300000091),300000091,IAW - WINDSOR PLANT,MAUSER PACKAGING (1000295),29120,29120,Standard PO (NB),
12/16/25,1/12/26,Vincent Blain-Guilbert,VINCENT B.GUILBERT,4500017413,SODIUM BICARBONATE (USP GRADE) (200000024),200000024,IAW - WINDSOR PLANT,QUADRA CHIMIE LTÉE (1000317),5556,5556,Standard PO (NB),
9/11/25,1/13/26,Nancy Quessy,NANCY QUESSY,4500013979,BOX COSTCO QUALICAT MAX UN 18.14 KG (300000632),300000632,IAG - WASTENOT MGMT GREELEY,PACKAGING EXPRESS INC. (1000310),24000,24000,Standard PO (NB),
10/10/25,1/14/26,Vincent Blain-Guilbert,NANCY QUESSY,4500014935,JUG HEB PRO SC 14LB (300000068),300000068,IAW - WINDSOR PLANT,TRICORBRAUN INC. (1000334),8640,8640,Standard PO (NB),
10/10/25,1/14/26,Vincent Blain-Guilbert,NANCY QUESSY,4500014935,DISPOSABLE PALLET (40X48) (400000017),400000017,IAW - WINDSOR PLANT,TRICORBRAUN INC. (1000334),30,30,Standard PO (NB),
10/10/25,1/14/26,Vincent Blain-Guilbert,NANCY QUESSY,4500014936,JUG HEB PRO SC 14LB (300000068),300000068,IAW - WINDSOR PLANT,TRICORBRAUN INC. (1000334),8640,8640,Standard PO (NB),
10/10/25,1/14/26,Vincent Blain-Guilbert,NANCY QUESSY,4500014936,DISPOSABLE PALLET (40X48) (400000017),400000017,IAW - WINDSOR PLANT,TRICORBRAUN INC. (1000334),30,30,Standard PO (NB),
12/3/25,1/14/26,Nancy Quessy,NANCY QUESSY,4500016954,PAIL HEB PRO SC 35LB (300000087),300000087,IAW - WINDSOR PLANT,MAUSER PACKAGING (1000295),12480,12480,Standard PO (NB),
12/10/25,1/14/26,Magalie Sénécal-Jean,MAGALIE SENECAL-J.,4500017203,LABEL BOX QUALICAT 22.7KG FRANCE (300000658),300000658,ICB - BOUCHERVILLE PLANT,REPRODOC (1000318),31000,31000,Standard PO (NB),
10/10/25,1/15/26,Vincent Blain-Guilbert,NANCY QUESSY,4500014956,JUG HEB ORIGINAL UN 20LB (300000066),300000066,IAW - WINDSOR PLANT,TRICORBRAUN INC. (1000334),7680,7680,Standard PO (NB),
10/10/25,1/15/26,Vincent Blain-Guilbert,NANCY QUESSY,4500014956,DISPOSABLE PALLET (40X48) (400000017),400000017,IAW - WINDSOR PLANT,TRICORBRAUN INC. (1000334),30,30,Standard PO (NB),
10/10/25,1/15/26,Vincent Blain-Guilbert,NANCY QUESSY,4500014959,JUG HEB ORIGINAL UN 20LB (300000066),300000066,IAW - WINDSOR PLANT,TRICORBRAUN INC. (1000334),7680,7680,Standard PO (NB),
10/10/25,1/15/26,Vincent Blain-Guilbert,NANCY QUESSY,4500014959,DISPOSABLE PALLET (40X48) (400000017),400000017,IAW - WINDSOR PLANT,TRICORBRAUN INC. (1000334),30,30,Standard PO (NB),
10/10/25,1/15/26,Vincent Blain-Guilbert,NANCY QUESSY,4500014977,JUG HEB PRO SC 20LB (300000067),300000067,IAW - WINDSOR PLANT,TRICORBRAUN INC. (1000334),7680,7680,Standard PO (NB),
10/10/25,1/15/26,Vincent Blain-Guilbert,NANCY QUESSY,4500014977,DISPOSABLE PALLET (40X48) (400000017),400000017,IAW - WINDSOR PLANT,TRICORBRAUN INC. (1000334),30,30,Standard PO (NB),
10/10/25,1/15/26,Vincent Blain-Guilbert,NANCY QUESSY,4500014980,JUG HEB PRO SC 20LB (300000067),300000067,IAW - WINDSOR PLANT,TRICORBRAUN INC. (1000334),7680,7680,Standard PO (NB),
10/10/25,1/15/26,Vincent Blain-Guilbert,NANCY QUESSY,4500014980,DISPOSABLE PALLET (40X48) (400000017),400000017,IAW - WINDSOR PLANT,TRICORBRAUN INC. (1000334),30,30,Standard PO (NB),
11/7/25,1/15/26,Magalie Sénécal-Jean,MAGALIE SENECAL-J.,4500016050,BAG OB MC UN 12KG (300000352),300000352,ICP - ST-ALEXIS WAREHOUSE,ARMAPRO (1000227),75000,75000,Standard PO (NB),
11/21/25,1/15/26,Magalie Sénécal-Jean,MAGALIE SENECAL-J.,4500016551,BAG CANADIAN FINE Un 15KG (300000644),300000644,ICS - ST-ALEXIS PLANT,ARMAPRO (1000227),60000,60000,Standard PO (NB),
12/18/25,1/15/26,Nancy Quessy,NANCY QUESSY,4500017487,SC STONE FRESH STEP (FT) 400KG TOTE (500000026),500000026,IAW - WINDSOR PLANT,ICN - Usine/Plant Newton (2912),400,400,IC SiT  STO (NBIC),
12/18/25,1/15/26,Nancy Quessy,NANCY QUESSY,4500017487,SC STONE CHAMOMILE (CH) 400 KG TOTE (500000027),500000027,IAW - WINDSOR PLANT,ICN - Usine/Plant Newton (2912),400,400,IC SiT  STO (NBIC),
12/18/25,1/15/26,Nancy Quessy,NANCY QUESSY,4500017487,SC STONE TC ORIGINAL 400 KG TOTE (500000028),500000028,IAW - WINDSOR PLANT,ICN - Usine/Plant Newton (2912),1600,1600,IC SiT  STO (NBIC),
12/18/25,1/15/26,Nancy Quessy,NANCY QUESSY,4500017487,SC STONE LAVENDER (LA) 400KG TOTE (500000029),500000029,IAW - WINDSOR PLANT,ICN - Usine/Plant Newton (2912),2400,2400,IC SiT  STO (NBIC),
12/18/25,1/15/26,Nancy Quessy,NANCY QUESSY,4500017487,SC STONE FRESH BREEZE (FB) 400KG TOTE (500000030),500000030,IAW - WINDSOR PLANT,ICN - Usine/Plant Newton (2912),2400,2400,IC SiT  STO (NBIC),
12/18/25,1/15/26,Nancy Quessy,NANCY QUESSY,4500017487,SC STONE MANGO POME GRANATE (MP) (500000031),500000031,IAW - WINDSOR PLANT,ICN - Usine/Plant Newton (2912),800,800,IC SiT  STO (NBIC),
12/18/25,1/15/26,Nancy Quessy,NANCY QUESSY,4500017487,SC STONE OLLAV-CHAMOMILE (OC) 400KG (500000034),500000034,IAW - WINDSOR PLANT,ICN - Usine/Plant Newton (2912),400,400,IC SiT  STO (NBIC),
12/18/25,1/15/26,Nancy Quessy,NANCY QUESSY,4500017487,SC STONE CAM. & ROSE (CR) 400KG TOTE (500000035),500000035,IAW - WINDSOR PLANT,ICN - Usine/Plant Newton (2912),400,400,IC SiT  STO (NBIC),
12/18/25,1/15/26,Nancy Quessy,NANCY QUESSY,4500017487,SHEETING 70''X2MIL (400000004),400000004,IAW - WINDSOR PLANT,ICN - Usine/Plant Newton (2912),2271.6,2271.6,IC SiT  STO (NBIC),
12/18/25,1/15/26,Nancy Quessy,NANCY QUESSY,4500017487,BAG ODOUR BUSTER MC Un 12KG (300000638),300000638,IAW - WINDSOR PLANT,ICN - Usine/Plant Newton (2912),9000,9000,IC SiT  STO (NBIC),
12/18/25,1/15/26,Nancy Quessy,NANCY QUESSY,4500017487,BLÜCARE 15G FOR MAXCARE (SB 5X88) (500000022),500000022,IAW - WINDSOR PLANT,ICN - Usine/Plant Newton (2912),7040,7040,IC SiT  STO (NBIC),
10/10/25,1/16/26,Vincent Blain-Guilbert,NANCY QUESSY,4500014979,JUG HEB PRO SC 20LB (300000067),300000067,IAW - WINDSOR PLANT,TRICORBRAUN INC. (1000334),7680,7680,Standard PO (NB),
10/10/25,1/16/26,Vincent Blain-Guilbert,NANCY QUESSY,4500014979,DISPOSABLE PALLET (40X48) (400000017),400000017,IAW - WINDSOR PLANT,TRICORBRAUN INC. (1000334),30,30,Standard PO (NB),
10/28/25,1/16/26,Magalie Sénécal-Jean,MAGALIE SENECAL-J.,4500015670,SLIP SHEET (400000001),400000001,ICN - NEWTON PLANT,EMBALLAGES KRUGER S.E.C. (1001540),25000,25000,Standard PO (NB),
10/28/25,1/16/26,Magalie Sénécal-Jean,MAGALIE SENECAL-J.,4500015670,EURO SLIP SHEET - 32X48 (400000013),400000013,ICN - NEWTON PLANT,EMBALLAGES KRUGER S.E.C. (1001540),25000,25000,Standard PO (NB),
6/16/25,1/19/26,Carson Kith,MAGALIE SENECAL-J.,4500011206,CHEWY MC UN CLUMPING  40LB BAG (300000523),300000523,IAW - WINDSOR PLANT,ARMAPRO (1000227),330000,330000,Standard PO (NB),
6/16/25,1/19/26,Carson Kith,MAGALIE SENECAL-J.,4500011206,CHEWY MC FB CLUMPING  40LB BAG (300000524),300000524,IAW - WINDSOR PLANT,ARMAPRO (1000227),115000,115000,Standard PO (NB),
6/16/25,1/19/26,Carson Kith,MAGALIE SENECAL-J.,4500011207,CHEWY  OD UN CLUMPING 35LB BAG (300000525),300000525,IAW - WINDSOR PLANT,ARMAPRO (1000227),55000,55000,Standard PO (NB),
6/16/25,1/19/26,Carson Kith,MAGALIE SENECAL-J.,4500011207,CHEWY OD LA CLUMPING  35LB BAG (300000526),300000526,IAW - WINDSOR PLANT,ARMAPRO (1000227),15000,15000,Standard PO (NB),
6/16/25,1/19/26,Carson Kith,MAGALIE SENECAL-J.,4500011208,CHEWY MC FB CLUMPING 20LB BAG (300000527),300000527,IAW - WINDSOR PLANT,ARMAPRO (1000227),50000,50000,Standard PO (NB),
6/16/25,1/19/26,Carson Kith,MAGALIE SENECAL-J.,4500011208,CHEWY TB  CLUMPING  40LB BAG (300000528),300000528,IAW - WINDSOR PLANT,ARMAPRO (1000227),40000,40000,Standard PO (NB),
6/16/25,1/19/26,Carson Kith,MAGALIE SENECAL-J.,4500011208,CHEWY LA CLUMPING  40LB BAG (300000529),300000529,IAW - WINDSOR PLANT,ARMAPRO (1000227),110000,110000,Standard PO (NB),
10/17/25,1/19/26,Magalie Sénécal-Jean,MAGALIE SENECAL-J.,4500015226,BAG ODOUR BUSTER ORIGINAL UN 14KG (300000355),300000355,ICE - ETOBICOKE PLANT,ARMAPRO (1000227),75000,75000,Standard PO (NB),
10/17/25,1/19/26,Magalie Sénécal-Jean,MAGALIE SENECAL-J.,4500015226,BAG ODOUR BUSTER ORIGINAL UN 14KG (300000355),300000355,ICP - ST-ALEXIS WAREHOUSE,ARMAPRO (1000227),75000,75000,Standard PO (NB),
10/21/25,1/19/26,Magalie Sénécal-Jean,MAGALIE SENECAL-J.,4500015287,BAG BLAIN SC 20LB (300000044),300000044,IAW - WINDSOR PLANT,ARMAPRO (1000227),60000,60000,Standard PO (NB),
10/28/25,1/19/26,Magalie Sénécal-Jean,MAGALIE SENECAL-J.,4500015572,BAG F4L CLMP MC LITTER 40LB (300000116),300000116,IAW - WINDSOR PLANT,ARMAPRO (1000227),25000,25000,Standard PO (NB),
10/28/25,1/19/26,Magalie Sénécal-Jean,MAGALIE SENECAL-J.,4500015572,BAG F4L CLMP OB 40LB (300000118),300000118,IAW - WINDSOR PLANT,ARMAPRO (1000227),25000,25000,Standard PO (NB),
11/4/25,1/19/26,Magalie Sénécal-Jean,MAGALIE SENECAL-J.,4500015932,BAG BLAIN UN 20LB (300000043),300000043,IAW - WINDSOR PLANT,ARMAPRO (1000227),60000,60000,Standard PO (NB),
11/10/25,1/19/26,Magalie Sénécal-Jean,MAGALIE SENECAL-J.,4500016074,BAG MUSTI CC MC BP 14KG (300000641),300000641,ICE - ETOBICOKE PLANT,ARMAPRO (1000227),55000,55000,Standard PO (NB),
11/10/25,1/19/26,Magalie Sénécal-Jean,MAGALIE SENECAL-J.,4500016074,BAG MUSTI CC MC Un 14KG (300000642),300000642,ICE - ETOBICOKE PLANT,ARMAPRO (1000227),130000,130000,Standard PO (NB),
11/10/25,1/19/26,Magalie Sénécal-Jean,MAGALIE SENECAL-J.,4500016074,BAG MUSTI CC MC Fl 14KG (300000643),300000643,ICE - ETOBICOKE PLANT,ARMAPRO (1000227),70000,70000,Standard PO (NB),
10/10/25,1/22/26,Vincent Blain-Guilbert,NANCY QUESSY,4500014960,JUG HEB ORIGINAL UN 20LB (300000066),300000066,IAW - WINDSOR PLANT,TRICORBRAUN INC. (1000334),7680,7680,Standard PO (NB),
10/10/25,1/22/26,Vincent Blain-Guilbert,NANCY QUESSY,4500014960,DISPOSABLE PALLET (40X48) (400000017),400000017,IAW - WINDSOR PLANT,TRICORBRAUN INC. (1000334),30,30,Standard PO (NB),
10/10/25,1/22/26,Vincent Blain-Guilbert,NANCY QUESSY,4500014981,JUG HEB PRO SC 20LB (300000067),300000067,IAW - WINDSOR PLANT,TRICORBRAUN INC. (1000334),7680,7680,Standard PO (NB),
10/10/25,1/22/26,Vincent Blain-Guilbert,NANCY QUESSY,4500014981,DISPOSABLE PALLET (40X48) (400000017),400000017,IAW - WINDSOR PLANT,TRICORBRAUN INC. (1000334),30,30,Standard PO (NB),
10/10/25,1/22/26,Vincent Blain-Guilbert,NANCY QUESSY,4500014982,JUG HEB PRO SC 20LB (300000067),300000067,IAW - WINDSOR PLANT,TRICORBRAUN INC. (1000334),7680,7680,Standard PO (NB),
10/10/25,1/22/26,Vincent Blain-Guilbert,NANCY QUESSY,4500014982,DISPOSABLE PALLET (40X48) (400000017),400000017,IAW - WINDSOR PLANT,TRICORBRAUN INC. (1000334),30,30,Standard PO (NB),
10/27/25,1/26/26,Magalie Sénécal-Jean,MAGALIE SENECAL-J.,4500015530,BAG ANISERCO TOM&CO GOOD BP 12KG EUR (300000021),300000021,ICN - NEWTON PLANT,OMNIPLAST (1000501),75225,75225,Standard PO (NB),
11/6/25,1/26/26,Magalie Sénécal-Jean,MAGALIE SENECAL-J.,4500016003,BAG PSP UN 40LB - 14 day OC (300000315),300000315,IAW - WINDSOR PLANT,ARMAPRO (1000227),25000,25000,Standard PO (NB),
11/26/25,1/26/26,Magalie Sénécal-Jean,MAGALIE SENECAL-J.,4500016686,NEW BAG SO PHRESH ADV.OC UN 40LB (300000306),300000306,IAW - WINDSOR PLANT,OMNIPLAST (1000501),250000,250000,Standard PO (NB),
12/16/25,1/26/26,Nancy Quessy,NANCY QUESSY,4500017416,BOX COSTCO QUALICAT MAX UN 18.14 KG (300000632),300000632,IAG - WASTENOT MGMT GREELEY,PACKAGING EXPRESS INC. (1000310),10200,10200,Standard PO (NB),
10/10/25,1/28/26,Vincent Blain-Guilbert,NANCY QUESSY,4500014938,JUG HEB PRO SC 14LB (300000068),300000068,IAW - WINDSOR PLANT,TRICORBRAUN INC. (1000334),8640,8640,Standard PO (NB),
10/10/25,1/28/26,Vincent Blain-Guilbert,NANCY QUESSY,4500014938,DISPOSABLE PALLET (40X48) (400000017),400000017,IAW - WINDSOR PLANT,TRICORBRAUN INC. (1000334),30,30,Standard PO (NB),
12/15/25,1/28/26,Nancy Quessy,NANCY QUESSY,4500017336,LID SQ MAUSER 35LB (300000091),300000091,IAW - WINDSOR PLANT,MAUSER PACKAGING (1000295),29120,29120,Standard PO (NB),
12/18/25,1/28/26,Nancy Quessy,NANCY QUESSY,4500017597,BOX HEB PRO SC 14LB (300000042),300000042,IAG - WASTENOT MGMT GREELEY,PACKAGING EXPRESS INC. (1000310),25200,25200,Standard PO (NB),
10/3/25,1/29/26,Magalie Sénécal-Jean,MAGALIE SENECAL-J.,4500014692,BAG CLASSIC UN 14KG (300000323),300000323,ICN - NEWTON PLANT,ARMAPRO (1000227),80000,80000,Standard PO (NB),
10/10/25,1/29/26,Vincent Blain-Guilbert,NANCY QUESSY,4500014962,JUG HEB ORIGINAL UN 20LB (300000066),300000066,IAW - WINDSOR PLANT,TRICORBRAUN INC. (1000334),7680,7680,Standard PO (NB),
10/10/25,1/29/26,Vincent Blain-Guilbert,NANCY QUESSY,4500014962,DISPOSABLE PALLET (40X48) (400000017),400000017,IAW - WINDSOR PLANT,TRICORBRAUN INC. (1000334),30,30,Standard PO (NB),
10/10/25,1/29/26,Vincent Blain-Guilbert,NANCY QUESSY,4500014983,JUG HEB PRO SC 20LB (300000067),300000067,IAW - WINDSOR PLANT,TRICORBRAUN INC. (1000334),7680,7680,Standard PO (NB),
10/10/25,1/29/26,Vincent Blain-Guilbert,NANCY QUESSY,4500014983,DISPOSABLE PALLET (40X48) (400000017),400000017,IAW - WINDSOR PLANT,TRICORBRAUN INC. (1000334),30,30,Standard PO (NB),
11/11/25,1/30/26,Magalie Sénécal-Jean,MAGALIE SENECAL-J.,4500016137,BAG BOXIECAT SC 40LB - 152 (300000095),300000095,IAW - WINDSOR PLANT,ARMAPRO (1000227),9000,18600,Standard PO (NB),
9/30/25,1/31/26,Isabelle Picard,ISABELLE PICARD,4500014555,BAG (RL) - ODOUR LOCK CB 6KG V3 (300000514),300000514,ICN - NEWTON PLANT,SUPERB PACKAGING INC. (1000362),25050,25050,Standard PO (NB),
10/1/25,1/31/26,Magalie Sénécal-Jean,MAGALIE SENECAL-J.,4500014568,BAG CLASSIC CARBON 12KG (300000550),300000550,ICE - ETOBICOKE PLANT,ARMAPRO (1000227),9000,9000,Standard PO (NB),
10/6/25,1/31/26,Magalie Sénécal-Jean,MAGALIE SENECAL-J.,4500014736,LINER 1.5MIL 12 X 10 X 33 (300000320),300000320,ICE - ETOBICOKE PLANT,OMNIPLAST (1000501),286450,286450,Standard PO (NB),
11/4/25,1/31/26,Isabelle Picard,ISABELLE PICARD,4500015918,RECYCL. LAMINATED BAG FELIPURE UN 6KG (300000468),300000468,ICN - NEWTON PLANT,SUPERB PACKAGING INC. (1000362),14400,14400,Standard PO (NB),
10/9/25,2/2/26,Isabelle Picard,ISABELLE PICARD,4500014890,BOX QUALICAT EXTRA PI 22.7KG (300000540),300000540,ICB - BOUCHERVILLE PLANT,EMBALLAGES KRUGER S.E.C. (1001540),480000,480000,Standard PO (NB),
10/9/25,2/2/26,Isabelle Picard,ISABELLE PICARD,4500014890,CHEP PALLET (40 X 48) (400000016),400000016,ICB - BOUCHERVILLE PLANT,EMBALLAGES KRUGER S.E.C. (1001540),1200,1200,Standard PO (NB),
10/9/25,2/2/26,Isabelle Picard,ISABELLE PICARD,4500014890,BOX QUALICAT EXTRA PI 22.7KG (300000540),300000540,ICE - ETOBICOKE PLANT,EMBALLAGES KRUGER S.E.C. (1001540),240000,240000,Standard PO (NB),
10/9/25,2/2/26,Isabelle Picard,ISABELLE PICARD,4500014890,CHEP PALLET (40 X 48) (400000016),400000016,ICE - ETOBICOKE PLANT,EMBALLAGES KRUGER S.E.C. (1001540),600,600,Standard PO (NB),
10/20/25,2/2/26,Magalie Sénécal-Jean,MAGALIE SENECAL-J.,4500015257,BAG FRESSNAPF SENS Un 12KG (300000304),300000304,ICN - NEWTON PLANT,OMNIPLAST (1000501),77150,146000,Standard PO (NB),
10/28/25,2/2/26,Magalie Sénécal-Jean,MAGALIE SENECAL-J.,4500015570,BAG CHICO CHICO UN 14KG (300000378),300000378,ICP - ST-ALEXIS WAREHOUSE,ARMAPRO (1000227),15000,15000,Standard PO (NB),
11/11/25,2/2/26,Magalie Sénécal-Jean,MAGALIE SENECAL-J.,4500016143,BAG CLASSIC BP 7KG (300000014),300000014,ICN - NEWTON PLANT,ARMAPRO (1000227),20000,20000,Standard PO (NB),
11/11/25,2/2/26,Magalie Sénécal-Jean,MAGALIE SENECAL-J.,4500016143,BAG CLASSIC LA 14KG (300000324),300000324,ICN - NEWTON PLANT,ARMAPRO (1000227),50000,50000,Standard PO (NB),
12/17/25,2/2/26,Nancy Quessy,NANCY QUESSY,4500017470,PAIL HEB ORIGINAL UN 35LB (300000086),300000086,IAW - WINDSOR PLANT,MAUSER PACKAGING (1000295),12480,12480,Standard PO (NB),
12/17/25,2/2/26,Vincent Blain-Guilbert,VINCENT B.GUILBERT,4500017476,POLYSORBATE 20 (200000034),200000034,ICS - ST-ALEXIS PLANT,QUADRA CHIMIE LTÉE (1000317),36,36,Standard PO (NB),
12/22/25,2/2/26,Magalie Sénécal-Jean,MAGALIE SENECAL-J.,4500017666,Intertape # 6100 48cs/pallet (400000008),400000008,IAW - WINDSOR PLANT,CANADIAN PAPER & PACKAGING LTD LA COMPAGNIE CANADIENNE DE PAPIER E (1000350),288,288,Standard PO (NB),
12/22/25,2/2/26,Magalie Sénécal-Jean,MAGALIE SENECAL-J.,4500017666,Intertape # 7100 48cs/pallet (400000009),400000009,IAW - WINDSOR PLANT,CANADIAN PAPER & PACKAGING LTD LA COMPAGNIE CANADIENNE DE PAPIER E (1000350),288,288,Standard PO (NB),
12/15/25,2/3/26,Magalie Sénécal-Jean,MAGALIE SENECAL-J.,4500017303,CORN 10/20 (100000020),100000020,ICP - ST-ALEXIS WAREHOUSE,GREEN PRODUCTS COMPANY (1001035),21,21,Standard PO (NB),
12/11/25,2/4/26,Vincent Blain-Guilbert,VINCENT B.GUILBERT,4500017206,CALCO-INTER (200000029),200000029,ICN - NEWTON PLANT,GRAYMONT (PORTNEUF) INC. (1001374),96000,96000,Standard PO (NB),
10/10/25,2/5/26,Vincent Blain-Guilbert,NANCY QUESSY,4500014963,JUG HEB ORIGINAL UN 20LB (300000066),300000066,IAW - WINDSOR PLANT,TRICORBRAUN INC. (1000334),7680,7680,Standard PO (NB),
10/10/25,2/5/26,Vincent Blain-Guilbert,NANCY QUESSY,4500014963,DISPOSABLE PALLET (40X48) (400000017),400000017,IAW - WINDSOR PLANT,TRICORBRAUN INC. (1000334),30,30,Standard PO (NB),
10/10/25,2/5/26,Vincent Blain-Guilbert,NANCY QUESSY,4500014984,JUG HEB PRO SC 20LB (300000067),300000067,IAW - WINDSOR PLANT,TRICORBRAUN INC. (1000334),7680,7680,Standard PO (NB),
10/10/25,2/5/26,Vincent Blain-Guilbert,NANCY QUESSY,4500014984,DISPOSABLE PALLET (40X48) (400000017),400000017,IAW - WINDSOR PLANT,TRICORBRAUN INC. (1000334),30,30,Standard PO (NB),
12/19/25,2/9/26,Nancy Quessy,NANCY QUESSY,4500017611,BOX COSTCO QUALICAT MAX UN 18.14 KG (300000632),300000632,IAG - WASTENOT MGMT GREELEY,PACKAGING EXPRESS INC. (1000310),26000,26000,Standard PO (NB),
10/10/25,2/11/26,Vincent Blain-Guilbert,NANCY QUESSY,4500014926,JUG HEB PRO UN 14LB (300000065),300000065,IAW - WINDSOR PLANT,TRICORBRAUN INC. (1000334),8640,8640,Standard PO (NB),
10/10/25,2/11/26,Vincent Blain-Guilbert,NANCY QUESSY,4500014926,DISPOSABLE PALLET (40X48) (400000017),400000017,IAW - WINDSOR PLANT,TRICORBRAUN INC. (1000334),30,30,Standard PO (NB),
10/10/25,2/11/26,Vincent Blain-Guilbert,NANCY QUESSY,4500014939,JUG HEB PRO SC 14LB (300000068),300000068,IAW - WINDSOR PLANT,TRICORBRAUN INC. (1000334),8640,8640,Standard PO (NB),
10/10/25,2/11/26,Vincent Blain-Guilbert,NANCY QUESSY,4500014939,DISPOSABLE PALLET (40X48) (400000017),400000017,IAW - WINDSOR PLANT,TRICORBRAUN INC. (1000334),30,30,Standard PO (NB),
12/4/25,2/11/26,Nancy Quessy,NANCY QUESSY,4500017012,BAG BOXIECAT ORIGINAL UN 16LB - 100 (300000058),300000058,IAN - WASTENOT MGMT WINDSOR,MONDI JACKSON (1002134),140000,140000,Standard PO (NB),
12/4/25,2/11/26,Nancy Quessy,NANCY QUESSY,4500017012,BAG BOXIECAT EXTRA UN 16LB - 104 (300000059),300000059,IAW - WINDSOR PLANT,MONDI JACKSON (1002134),80000,80000,Standard PO (NB),
10/10/25,2/12/26,Vincent Blain-Guilbert,NANCY QUESSY,4500014964,JUG HEB ORIGINAL UN 20LB (300000066),300000066,IAW - WINDSOR PLANT,TRICORBRAUN INC. (1000334),7680,7680,Standard PO (NB),
10/10/25,2/12/26,Vincent Blain-Guilbert,NANCY QUESSY,4500014964,DISPOSABLE PALLET (40X48) (400000017),400000017,IAW - WINDSOR PLANT,TRICORBRAUN INC. (1000334),30,30,Standard PO (NB),
10/10/25,2/12/26,Vincent Blain-Guilbert,NANCY QUESSY,4500014985,JUG HEB PRO SC 20LB (300000067),300000067,IAW - WINDSOR PLANT,TRICORBRAUN INC. (1000334),7680,7680,Standard PO (NB),
10/10/25,2/12/26,Vincent Blain-Guilbert,NANCY QUESSY,4500014985,DISPOSABLE PALLET (40X48) (400000017),400000017,IAW - WINDSOR PLANT,TRICORBRAUN INC. (1000334),30,30,Standard PO (NB),
11/28/25,2/13/26,Magalie Sénécal-Jean,MAGALIE SENECAL-J.,4500016757,BAG ANISERCO TOM&CO GOOD BP XL 12KG EUR (300000630),300000630,ICN - NEWTON PLANT,OMNIPLAST (1000501),25000,25000,Standard PO (NB),
12/23/25,2/13/26,Magalie Sénécal-Jean,MAGALIE SENECAL-J.,4500017721,BAG CROCI SUPREME Un 10KG (300000659),300000659,ICN - NEWTON PLANT,ARMAPRO (1000227),16000,16000,Standard PO (NB),
12/2/25,2/16/26,Magalie Sénécal-Jean,MAGALIE SENECAL-J.,4500016893,BAG CLASSIC UN 30LB (300000011),300000011,IAW - WINDSOR PLANT,ARMAPRO (1000227),15000,15000,Standard PO (NB),
12/4/25,2/16/26,Nancy Quessy,NANCY QUESSY,4500017012,BAG BOXIECAT ORIGINAL SC 16LB - 102 (300000052),300000052,IAW - WINDSOR PLANT,MONDI JACKSON (1002134),50000,50000,Standard PO (NB),
12/18/25,2/16/26,Vincent Blain-Guilbert,VINCENT B.GUILBERT,4500017552,HYDROQUINONE (200000021),200000021,IAW - WINDSOR PLANT,"CHEMPOINT.COM, INC. (1000250)",3086.44,3086.44,Standard PO (NB),
10/17/25,2/18/26,Isabelle Picard,ISABELLE PICARD,4500015224,LB ODOR LOCK Un 25LB US (300000646),300000646,IAW - WINDSOR PLANT,SUPERB PACKAGING INC. (1000362),89250,89250,Standard PO (NB),
10/10/25,2/19/26,Vincent Blain-Guilbert,NANCY QUESSY,4500014965,JUG HEB ORIGINAL UN 20LB (300000066),300000066,IAW - WINDSOR PLANT,TRICORBRAUN INC. (1000334),7680,7680,Standard PO (NB),
10/10/25,2/19/26,Vincent Blain-Guilbert,NANCY QUESSY,4500014965,DISPOSABLE PALLET (40X48) (400000017),400000017,IAW - WINDSOR PLANT,TRICORBRAUN INC. (1000334),30,30,Standard PO (NB),
10/10/25,2/19/26,Vincent Blain-Guilbert,NANCY QUESSY,4500014986,JUG HEB PRO SC 20LB (300000067),300000067,IAW - WINDSOR PLANT,TRICORBRAUN INC. (1000334),7680,7680,Standard PO (NB),
10/10/25,2/19/26,Vincent Blain-Guilbert,NANCY QUESSY,4500014986,DISPOSABLE PALLET (40X48) (400000017),400000017,IAW - WINDSOR PLANT,TRICORBRAUN INC. (1000334),30,30,Standard PO (NB),
12/2/25,2/20/26,Magalie Sénécal-Jean,MAGALIE SENECAL-J.,4500016862,BAG L4F OB 10KG (300000433),300000433,ICN - NEWTON PLANT,ARMAPRO (1000227),20000,20000,Standard PO (NB),
12/17/25,2/20/26,Magalie Sénécal-Jean,MAGALIE SENECAL-J.,4500017480,BAG F4L CLMP ODOR DESTROYER LITTER 18LB (300000327),300000327,ICE - ETOBICOKE PLANT,ARMAPRO (1000227),25000,25000,Standard PO (NB),
12/9/25,2/23/26,Magalie Sénécal-Jean,MAGALIE SENECAL-J.,4500017112,BAG BOXIECAT EXTRA UN 40LB - 153 (300000047),300000047,IAW - WINDSOR PLANT,ARMAPRO (1000227),25000,25000,Standard PO (NB),
12/9/25,2/23/26,Magalie Sénécal-Jean,MAGALIE SENECAL-J.,4500017114,POLY BAG HEB ORIGINAL UN 20LB (300000096),300000096,IAW - WINDSOR PLANT,ARMAPRO (1000227),350000,350000,Standard PO (NB),
12/18/25,2/23/26,Nancy Quessy,NANCY QUESSY,4500017592,BOX HEB PRO SC 42LB (300000495),300000495,IAG - WASTENOT MGMT GREELEY,PACKAGING EXPRESS INC. (1000310),26000,26000,Standard PO (NB),
12/18/25,2/23/26,Magalie Sénécal-Jean,MAGALIE SENECAL-J.,4500017605,BAG KITTY POO UN 15LB (300000504),300000504,IAW - WINDSOR PLANT,ARMAPRO (1000227),85000,85000,Standard PO (NB),
12/19/25,2/23/26,Magalie Sénécal-Jean,MAGALIE SENECAL-J.,4500017632,BAG F4L CLMP UN LITTER 40LB (300000117),300000117,IAW - WINDSOR PLANT,ARMAPRO (1000227),25000,25000,Standard PO (NB),
12/22/25,2/23/26,Magalie Sénécal-Jean,MAGALIE SENECAL-J.,4500017668,BAG KITTY POO Sc 15LB (300000656),300000656,IAW - WINDSOR PLANT,ARMAPRO (1000227),20000,20000,Standard PO (NB),
10/10/25,2/26/26,Vincent Blain-Guilbert,NANCY QUESSY,4500014966,JUG HEB ORIGINAL UN 20LB (300000066),300000066,IAW - WINDSOR PLANT,TRICORBRAUN INC. (1000334),7680,7680,Standard PO (NB),
10/10/25,2/26/26,Vincent Blain-Guilbert,NANCY QUESSY,4500014966,DISPOSABLE PALLET (40X48) (400000017),400000017,IAW - WINDSOR PLANT,TRICORBRAUN INC. (1000334),30,30,Standard PO (NB),
10/10/25,2/26/26,Vincent Blain-Guilbert,NANCY QUESSY,4500014987,JUG HEB PRO SC 20LB (300000067),300000067,IAW - WINDSOR PLANT,TRICORBRAUN INC. (1000334),7680,7680,Standard PO (NB),
10/10/25,2/26/26,Vincent Blain-Guilbert,NANCY QUESSY,4500014987,DISPOSABLE PALLET (40X48) (400000017),400000017,IAW - WINDSOR PLANT,TRICORBRAUN INC. (1000334),30,30,Standard PO (NB),
12/12/25,2/26/26,Magalie Sénécal-Jean,MAGALIE SENECAL-J.,4500017257,BAG CANADA'S BEST FB 10KG (300000363),300000363,ICS - ST-ALEXIS PLANT,ARMAPRO (1000227),25000,25000,Standard PO (NB),
12/17/25,2/26/26,Magalie Sénécal-Jean,MAGALIE SENECAL-J.,4500017438,BAG MATINA TIGERINO MAX OC 12KG (300000462),300000462,ICN - NEWTON PLANT,OMNIPLAST (1000501),20000,20000,Standard PO (NB),
12/18/25,2/26/26,Magalie Sénécal-Jean,MAGALIE SENECAL-J.,4500017495,BAG FRESSNAPF PE XL BP 12KG (300000301),300000301,ICN - NEWTON PLANT,OMNIPLAST (1000501),300000,300000,Standard PO (NB),
12/18/25,2/26/26,Magalie Sénécal-Jean,MAGALIE SENECAL-J.,4500017495,BAG FRESSNAPF SENS Un 12KG (300000304),300000304,ICN - NEWTON PLANT,OMNIPLAST (1000501),250000,250000,Standard PO (NB),
12/18/25,2/26/26,Magalie Sénécal-Jean,MAGALIE SENECAL-J.,4500017604,BOX ODOUR BUSTER MC Un 11KG (300000639),300000639,ICN - NEWTON PLANT,EMBALLAGES KRUGER S.E.C. (1001540),204000,204000,Standard PO (NB),
12/16/25,2/27/26,Magalie Sénécal-Jean,MAGALIE SENECAL-J.,4500017363,BAG AGRIFARMA NEXT CAT UN 10KG (300000426),300000426,ICN - NEWTON PLANT,OMNIPLAST (1000501),60000,60000,Standard PO (NB),
12/16/25,2/27/26,Magalie Sénécal-Jean,MAGALIE SENECAL-J.,4500017363,BAG AGRIFARMA NEXT CAT LA 10KG (300000427),300000427,ICN - NEWTON PLANT,OMNIPLAST (1000501),60000,60000,Standard PO (NB),
12/18/25,2/27/26,Nancy Quessy,NANCY QUESSY,4500017599,BOX HEB PRO SC 14LB (300000042),300000042,IAG - WASTENOT MGMT GREELEY,PACKAGING EXPRESS INC. (1000310),25200,25200,Standard PO (NB),
2/5/25,3/2/26,Carson Kith,MAGALIE SENECAL-J.,4500006671,BAG L4F LA 10KG (300000431),300000431,ICN - NEWTON PLANT,ARMAPRO (1000227),45000,45000,Standard PO (NB),
12/18/25,3/2/26,Nancy Quessy,NANCY QUESSY,4500017595,BOX HEB PRO SC 42LB (300000495),300000495,IAG - WASTENOT MGMT GREELEY,PACKAGING EXPRESS INC. (1000310),26000,26000,Standard PO (NB),
10/10/25,3/4/26,Vincent Blain-Guilbert,NANCY QUESSY,4500014940,JUG HEB PRO SC 14LB (300000068),300000068,IAW - WINDSOR PLANT,TRICORBRAUN INC. (1000334),8640,8640,Standard PO (NB),
10/10/25,3/4/26,Vincent Blain-Guilbert,NANCY QUESSY,4500014940,DISPOSABLE PALLET (40X48) (400000017),400000017,IAW - WINDSOR PLANT,TRICORBRAUN INC. (1000334),30,30,Standard PO (NB),
10/10/25,3/5/26,Vincent Blain-Guilbert,NANCY QUESSY,4500014967,JUG HEB ORIGINAL UN 20LB (300000066),300000066,IAW - WINDSOR PLANT,TRICORBRAUN INC. (1000334),7680,7680,Standard PO (NB),
10/10/25,3/5/26,Vincent Blain-Guilbert,NANCY QUESSY,4500014967,DISPOSABLE PALLET (40X48) (400000017),400000017,IAW - WINDSOR PLANT,TRICORBRAUN INC. (1000334),30,30,Standard PO (NB),
10/10/25,3/5/26,Vincent Blain-Guilbert,NANCY QUESSY,4500014988,JUG HEB PRO SC 20LB (300000067),300000067,IAW - WINDSOR PLANT,TRICORBRAUN INC. (1000334),7680,7680,Standard PO (NB),
10/10/25,3/5/26,Vincent Blain-Guilbert,NANCY QUESSY,4500014988,DISPOSABLE PALLET (40X48) (400000017),400000017,IAW - WINDSOR PLANT,TRICORBRAUN INC. (1000334),30,30,Standard PO (NB),
10/10/25,3/5/26,Vincent Blain-Guilbert,NANCY QUESSY,4500014989,JUG HEB PRO SC 20LB (300000067),300000067,IAW - WINDSOR PLANT,TRICORBRAUN INC. (1000334),7680,7680,Standard PO (NB),
10/10/25,3/5/26,Vincent Blain-Guilbert,NANCY QUESSY,4500014989,DISPOSABLE PALLET (40X48) (400000017),400000017,IAW - WINDSOR PLANT,TRICORBRAUN INC. (1000334),30,30,Standard PO (NB),
10/10/25,3/11/26,Vincent Blain-Guilbert,NANCY QUESSY,4500014930,JUG HEB PRO UN 14LB (300000065),300000065,IAW - WINDSOR PLANT,TRICORBRAUN INC. (1000334),8640,8640,Standard PO (NB),
10/10/25,3/11/26,Vincent Blain-Guilbert,NANCY QUESSY,4500014930,DISPOSABLE PALLET (40X48) (400000017),400000017,IAW - WINDSOR PLANT,TRICORBRAUN INC. (1000334),30,30,Standard PO (NB),
10/10/25,3/12/26,Vincent Blain-Guilbert,NANCY QUESSY,4500014968,JUG HEB ORIGINAL UN 20LB (300000066),300000066,IAW - WINDSOR PLANT,TRICORBRAUN INC. (1000334),7680,7680,Standard PO (NB),
10/10/25,3/12/26,Vincent Blain-Guilbert,NANCY QUESSY,4500014968,DISPOSABLE PALLET (40X48) (400000017),400000017,IAW - WINDSOR PLANT,TRICORBRAUN INC. (1000334),30,30,Standard PO (NB),
10/10/25,3/12/26,Vincent Blain-Guilbert,NANCY QUESSY,4500014990,JUG HEB PRO SC 20LB (300000067),300000067,IAW - WINDSOR PLANT,TRICORBRAUN INC. (1000334),7680,7680,Standard PO (NB),
10/10/25,3/12/26,Vincent Blain-Guilbert,NANCY QUESSY,4500014990,DISPOSABLE PALLET (40X48) (400000017),400000017,IAW - WINDSOR PLANT,TRICORBRAUN INC. (1000334),30,30,Standard PO (NB),
12/1/25,3/13/26,Magalie Sénécal-Jean,MAGALIE SENECAL-J.,4500016854,BAG F&N UN 40LB (300000109),300000109,IAW - WINDSOR PLANT,ARMAPRO (1000227),25000,25000,Standard PO (NB),
10/10/25,3/18/26,Vincent Blain-Guilbert,NANCY QUESSY,4500014941,JUG HEB PRO SC 14LB (300000068),300000068,IAW - WINDSOR PLANT,TRICORBRAUN INC. (1000334),8640,8640,Standard PO (NB),
10/10/25,3/18/26,Vincent Blain-Guilbert,NANCY QUESSY,4500014941,DISPOSABLE PALLET (40X48) (400000017),400000017,IAW - WINDSOR PLANT,TRICORBRAUN INC. (1000334),30,30,Standard PO (NB),
10/10/25,3/19/26,Vincent Blain-Guilbert,NANCY QUESSY,4500014969,JUG HEB ORIGINAL UN 20LB (300000066),300000066,IAW - WINDSOR PLANT,TRICORBRAUN INC. (1000334),7680,7680,Standard PO (NB),
10/10/25,3/19/26,Vincent Blain-Guilbert,NANCY QUESSY,4500014969,DISPOSABLE PALLET (40X48) (400000017),400000017,IAW - WINDSOR PLANT,TRICORBRAUN INC. (1000334),30,30,Standard PO (NB),
10/10/25,3/19/26,Vincent Blain-Guilbert,NANCY QUESSY,4500014992,JUG HEB PRO SC 20LB (300000067),300000067,IAW - WINDSOR PLANT,TRICORBRAUN INC. (1000334),7680,7680,Standard PO (NB),
10/10/25,3/19/26,Vincent Blain-Guilbert,NANCY QUESSY,4500014992,DISPOSABLE PALLET (40X48) (400000017),400000017,IAW - WINDSOR PLANT,TRICORBRAUN INC. (1000334),30,30,Standard PO (NB),
12/19/25,3/20/26,Magalie Sénécal-Jean,MAGALIE SENECAL-J.,4500017633,BAG PRACTICAT BP 7KG (300000420),300000420,ICE - ETOBICOKE PLANT,EMBALLAGES POLYPACK INC (1001541),50000,50000,Standard PO (NB),
12/19/25,3/20/26,Magalie Sénécal-Jean,MAGALIE SENECAL-J.,4500017633,BAG PRACTICAT BP 14KG (300000422),300000422,ICE - ETOBICOKE PLANT,EMBALLAGES POLYPACK INC (1001541),25000,25000,Standard PO (NB),
10/10/25,3/26/26,Vincent Blain-Guilbert,NANCY QUESSY,4500014993,JUG HEB PRO SC 20LB (300000067),300000067,IAW - WINDSOR PLANT,TRICORBRAUN INC. (1000334),7680,7680,Standard PO (NB),
10/10/25,3/26/26,Vincent Blain-Guilbert,NANCY QUESSY,4500014993,DISPOSABLE PALLET (40X48) (400000017),400000017,IAW - WINDSOR PLANT,TRICORBRAUN INC. (1000334),30,30,Standard PO (NB),
12/19/25,3/30/26,Nancy Quessy,NANCY QUESSY,4500017613,BOX COSTCO QUALICAT MAX UN 18.14 KG (300000632),300000632,IAG - WASTENOT MGMT GREELEY,PACKAGING EXPRESS INC. (1000310),26000,26000,Standard PO (NB),
3/4/25,4/1/26,Carson Kith,MAGALIE SENECAL-J.,4500007631,BAG FRESSNAPF PE XL BP 12KG (300000301),300000301,ICN - NEWTON PLANT,OMNIPLAST (1000501),46750,323212,Standard PO (NB),
4/9/25,4/1/26,Carson Kith,MAGALIE SENECAL-J.,4500009061,BAG CLASSIC LA 14KG (300000324),300000324,ICN - NEWTON PLANT,ARMAPRO (1000227),32100,92400,Standard PO (NB),
6/11/25,4/1/26,Carson Kith,MAGALIE SENECAL-J.,4500011119,BAG O'SELECT UN 10KG (300000387),300000387,ICN - NEWTON PLANT,ARMAPRO (1000227),16000,25000,Standard PO (NB),
10/1/25,4/1/26,Magalie Sénécal-Jean,MAGALIE SENECAL-J.,4500014568,BAG CLASSIC CARBON 12KG (300000550),300000550,ICS - ST-ALEXIS PLANT,ARMAPRO (1000227),24000,42000,Standard PO (NB),
10/3/25,4/1/26,Magalie Sénécal-Jean,MAGALIE SENECAL-J.,4500014692,BAG SIMPLE UN 14KG (300000346),300000346,ICN - NEWTON PLANT,ARMAPRO (1000227),55000,100000,Standard PO (NB),
10/3/25,4/1/26,Magalie Sénécal-Jean,MAGALIE SENECAL-J.,4500014692,BAG CLASSIC BP 14KG (300000322),300000322,ICN - NEWTON PLANT,ARMAPRO (1000227),112200,120000,Standard PO (NB),
10/10/25,4/1/26,Magalie Sénécal-Jean,MAGALIE SENECAL-J.,4500014961,BAG L4F UN 10KG (300000432),300000432,ICN - NEWTON PLANT,ARMAPRO (1000227),7000,25000,Standard PO (NB),
10/21/25,4/1/26,Magalie Sénécal-Jean,MAGALIE SENECAL-J.,4500015277,POLY BAG HEB ORIGINAL UN 20LB (300000096),300000096,IAW - WINDSOR PLANT,ARMAPRO (1000227),91600,250000,Standard PO (NB),
10/24/25,4/1/26,Magalie Sénécal-Jean,MAGALIE SENECAL-J.,4500015519,BAG ODOUR BUSTER MC Un 12KG (300000638),300000638,ICN - NEWTON PLANT,ARMAPRO (1000227),66000,120000,Standard PO (NB),
11/20/25,4/1/26,Magalie Sénécal-Jean,MAGALIE SENECAL-J.,4500016498,BAG CAT EX UN 10KG (300000470),300000470,ICN - NEWTON PLANT,ARMAPRO (1000227),31000,40000,Standard PO (NB),
12/15/25,4/1/26,Magalie Sénécal-Jean,MAGALIE SENECAL-J.,4500017308,BOX QUALICAT EXTRA PI 22.7KG (300000540),300000540,ICB - BOUCHERVILLE PLANT,EMBALLAGES KRUGER S.E.C. (1001540),480000,480000,Standard PO (NB),
12/15/25,4/1/26,Magalie Sénécal-Jean,MAGALIE SENECAL-J.,4500017308,CHEP PALLET (40 X 48) (400000016),400000016,ICB - BOUCHERVILLE PLANT,EMBALLAGES KRUGER S.E.C. (1001540),1200,1200,Standard PO (NB),
12/15/25,4/1/26,Magalie Sénécal-Jean,MAGALIE SENECAL-J.,4500017308,BOX QUALICAT EXTRA PI 22.7KG (300000540),300000540,ICE - ETOBICOKE PLANT,EMBALLAGES KRUGER S.E.C. (1001540),240000,240000,Standard PO (NB),
12/15/25,4/1/26,Magalie Sénécal-Jean,MAGALIE SENECAL-J.,4500017308,CHEP PALLET (40 X 48) (400000016),400000016,ICE - ETOBICOKE PLANT,EMBALLAGES KRUGER S.E.C. (1001540),600,600,Standard PO (NB),
10/10/25,4/2/26,Vincent Blain-Guilbert,NANCY QUESSY,4500014970,JUG HEB ORIGINAL UN 20LB (300000066),300000066,IAW - WINDSOR PLANT,TRICORBRAUN INC. (1000334),7680,7680,Standard PO (NB),
10/10/25,4/2/26,Vincent Blain-Guilbert,NANCY QUESSY,4500014970,DISPOSABLE PALLET (40X48) (400000017),400000017,IAW - WINDSOR PLANT,TRICORBRAUN INC. (1000334),30,30,Standard PO (NB),
10/10/25,4/2/26,Vincent Blain-Guilbert,NANCY QUESSY,4500014994,JUG HEB PRO SC 20LB (300000067),300000067,IAW - WINDSOR PLANT,TRICORBRAUN INC. (1000334),7680,7680,Standard PO (NB),
10/10/25,4/2/26,Vincent Blain-Guilbert,NANCY QUESSY,4500014994,DISPOSABLE PALLET (40X48) (400000017),400000017,IAW - WINDSOR PLANT,TRICORBRAUN INC. (1000334),30,30,Standard PO (NB),
10/23/25,4/6/26,Isabelle Picard,ISABELLE PICARD,4500015451,LB ODOUR LOCK BP 12kg (300000648),300000648,ICN - NEWTON PLANT,SUPERB PACKAGING INC. (1000362),50000,50000,Standard PO (NB),
10/23/25,4/6/26,Isabelle Picard,ISABELLE PICARD,4500015451,LB ODOUR LOCK CHLA 12kg (300000650),300000650,ICN - NEWTON PLANT,SUPERB PACKAGING INC. (1000362),75000,75000,Standard PO (NB),
10/23/25,4/6/26,Isabelle Picard,ISABELLE PICARD,4500015451,LB ODOUR LOCK CB 12kg (300000651),300000651,ICN - NEWTON PLANT,SUPERB PACKAGING INC. (1000362),80000,80000,Standard PO (NB),
10/28/25,4/6/26,Isabelle Picard,ISABELLE PICARD,4500015577,LB ODOUR LOCK UN 12kg (300000649),300000649,ICN - NEWTON PLANT,SUPERB PACKAGING INC. (1000362),375000,375000,Standard PO (NB),
10/10/25,4/8/26,Vincent Blain-Guilbert,NANCY QUESSY,4500014942,JUG HEB PRO SC 14LB (300000068),300000068,IAW - WINDSOR PLANT,TRICORBRAUN INC. (1000334),8640,8640,Standard PO (NB),
10/10/25,4/8/26,Vincent Blain-Guilbert,NANCY QUESSY,4500014942,DISPOSABLE PALLET (40X48) (400000017),400000017,IAW - WINDSOR PLANT,TRICORBRAUN INC. (1000334),30,30,Standard PO (NB),
10/10/25,4/9/26,Vincent Blain-Guilbert,NANCY QUESSY,4500014971,JUG HEB ORIGINAL UN 20LB (300000066),300000066,IAW - WINDSOR PLANT,TRICORBRAUN INC. (1000334),7680,7680,Standard PO (NB),
10/10/25,4/9/26,Vincent Blain-Guilbert,NANCY QUESSY,4500014971,DISPOSABLE PALLET (40X48) (400000017),400000017,IAW - WINDSOR PLANT,TRICORBRAUN INC. (1000334),30,30,Standard PO (NB),
10/10/25,4/9/26,Vincent Blain-Guilbert,NANCY QUESSY,4500014995,JUG HEB PRO SC 20LB (300000067),300000067,IAW - WINDSOR PLANT,TRICORBRAUN INC. (1000334),7680,7680,Standard PO (NB),
10/10/25,4/9/26,Vincent Blain-Guilbert,NANCY QUESSY,4500014995,DISPOSABLE PALLET (40X48) (400000017),400000017,IAW - WINDSOR PLANT,TRICORBRAUN INC. (1000334),30,30,Standard PO (NB),
12/18/25,4/9/26,Nancy Quessy,NANCY QUESSY,4500017596,BOX HEB PRO SC 42LB (300000495),300000495,IAG - WASTENOT MGMT GREELEY,PACKAGING EXPRESS INC. (1000310),26000,26000,Standard PO (NB),
10/10/25,4/15/26,Vincent Blain-Guilbert,NANCY QUESSY,4500014928,JUG HEB PRO UN 14LB (300000065),300000065,IAW - WINDSOR PLANT,TRICORBRAUN INC. (1000334),8640,8640,Standard PO (NB),
10/10/25,4/15/26,Vincent Blain-Guilbert,NANCY QUESSY,4500014928,DISPOSABLE PALLET (40X48) (400000017),400000017,IAW - WINDSOR PLANT,TRICORBRAUN INC. (1000334),30,30,Standard PO (NB),
10/10/25,4/16/26,Vincent Blain-Guilbert,NANCY QUESSY,4500014972,JUG HEB ORIGINAL UN 20LB (300000066),300000066,IAW - WINDSOR PLANT,TRICORBRAUN INC. (1000334),7680,7680,Standard PO (NB),
10/10/25,4/16/26,Vincent Blain-Guilbert,NANCY QUESSY,4500014972,DISPOSABLE PALLET (40X48) (400000017),400000017,IAW - WINDSOR PLANT,TRICORBRAUN INC. (1000334),30,30,Standard PO (NB),
10/10/25,4/16/26,Vincent Blain-Guilbert,NANCY QUESSY,4500014996,JUG HEB PRO SC 20LB (300000067),300000067,IAW - WINDSOR PLANT,TRICORBRAUN INC. (1000334),7680,7680,Standard PO (NB),
10/10/25,4/16/26,Vincent Blain-Guilbert,NANCY QUESSY,4500014996,DISPOSABLE PALLET (40X48) (400000017),400000017,IAW - WINDSOR PLANT,TRICORBRAUN INC. (1000334),30,30,Standard PO (NB),
10/10/25,4/16/26,Vincent Blain-Guilbert,NANCY QUESSY,4500014997,JUG HEB PRO SC 20LB (300000067),300000067,IAW - WINDSOR PLANT,TRICORBRAUN INC. (1000334),7680,7680,Standard PO (NB),
10/10/25,4/16/26,Vincent Blain-Guilbert,NANCY QUESSY,4500014997,DISPOSABLE PALLET (40X48) (400000017),400000017,IAW - WINDSOR PLANT,TRICORBRAUN INC. (1000334),30,30,Standard PO (NB),
10/10/25,4/29/26,Vincent Blain-Guilbert,NANCY QUESSY,4500014943,JUG HEB PRO SC 14LB (300000068),300000068,IAW - WINDSOR PLANT,TRICORBRAUN INC. (1000334),8640,8640,Standard PO (NB),
10/10/25,4/29/26,Vincent Blain-Guilbert,NANCY QUESSY,4500014943,DISPOSABLE PALLET (40X48) (400000017),400000017,IAW - WINDSOR PLANT,TRICORBRAUN INC. (1000334),30,30,Standard PO (NB),
10/10/25,4/30/26,Vincent Blain-Guilbert,NANCY QUESSY,4500014998,JUG HEB PRO SC 20LB (300000067),300000067,IAW - WINDSOR PLANT,TRICORBRAUN INC. (1000334),7680,7680,Standard PO (NB),
10/10/25,4/30/26,Vincent Blain-Guilbert,NANCY QUESSY,4500014998,DISPOSABLE PALLET (40X48) (400000017),400000017,IAW - WINDSOR PLANT,TRICORBRAUN INC. (1000334),30,30,Standard PO (NB),
10/10/25,4/30/26,Vincent Blain-Guilbert,NANCY QUESSY,4500014999,JUG HEB PRO SC 20LB (300000067),300000067,IAW - WINDSOR PLANT,TRICORBRAUN INC. (1000334),7680,7680,Standard PO (NB),
10/10/25,4/30/26,Vincent Blain-Guilbert,NANCY QUESSY,4500014999,DISPOSABLE PALLET (40X48) (400000017),400000017,IAW - WINDSOR PLANT,TRICORBRAUN INC. (1000334),30,30,Standard PO (NB),
12/19/25,4/30/26,Nancy Quessy,NANCY QUESSY,4500017614,BOX COSTCO QUALICAT MAX UN 18.14 KG (300000632),300000632,IAG - WASTENOT MGMT GREELEY,PACKAGING EXPRESS INC. (1000310),26000,26000,Standard PO (NB),
12/1/25,5/4/26,Isabelle Picard,ISABELLE PICARD,4500016839,BAG HUSSE Un 12KG (300000647),300000647,ICN - NEWTON PLANT,SUPERB PACKAGING INC. (1000362),25000,25000,Standard PO (NB),
12/1/25,5/4/26,Isabelle Picard,ISABELLE PICARD,4500016848,LAMINATED BAG MUSTI CC SENS Un 10KG (300000652),300000652,ICN - NEWTON PLANT,SUPERB PACKAGING INC. (1000362),30000,30000,Standard PO (NB),
12/1/25,5/4/26,Isabelle Picard,ISABELLE PICARD,4500016848,LAMINATED BAG MUSTI CC AC Un 10KG (300000653),300000653,ICN - NEWTON PLANT,SUPERB PACKAGING INC. (1000362),40000,40000,Standard PO (NB),
12/1/25,5/4/26,Isabelle Picard,ISABELLE PICARD,4500016848,LAMINATED BAG MUSTI CC AC NP 10KG (300000654),300000654,ICN - NEWTON PLANT,SUPERB PACKAGING INC. (1000362),20000,20000,Standard PO (NB),
12/1/25,5/4/26,Isabelle Picard,ISABELLE PICARD,4500016848,LAMINATED BAG MUSTI CC LT Un 10KG (300000655),300000655,ICN - NEWTON PLANT,SUPERB PACKAGING INC. (1000362),40000,40000,Standard PO (NB),
10/10/25,5/7/26,Vincent Blain-Guilbert,NANCY QUESSY,4500015000,JUG HEB PRO SC 20LB (300000067),300000067,IAW - WINDSOR PLANT,TRICORBRAUN INC. (1000334),7680,7680,Standard PO (NB),
10/10/25,5/7/26,Vincent Blain-Guilbert,NANCY QUESSY,4500015000,DISPOSABLE PALLET (40X48) (400000017),400000017,IAW - WINDSOR PLANT,TRICORBRAUN INC. (1000334),30,30,Standard PO (NB),
10/10/25,5/13/26,Vincent Blain-Guilbert,NANCY QUESSY,4500014933,JUG HEB PRO UN 14LB (300000065),300000065,IAW - WINDSOR PLANT,TRICORBRAUN INC. (1000334),8640,8640,Standard PO (NB),
10/10/25,5/13/26,Vincent Blain-Guilbert,NANCY QUESSY,4500014933,DISPOSABLE PALLET (40X48) (400000017),400000017,IAW - WINDSOR PLANT,TRICORBRAUN INC. (1000334),30,30,Standard PO (NB),
10/10/25,5/13/26,Vincent Blain-Guilbert,NANCY QUESSY,4500014944,JUG HEB PRO SC 14LB (300000068),300000068,IAW - WINDSOR PLANT,TRICORBRAUN INC. (1000334),8640,8640,Standard PO (NB),
10/10/25,5/13/26,Vincent Blain-Guilbert,NANCY QUESSY,4500014944,DISPOSABLE PALLET (40X48) (400000017),400000017,IAW - WINDSOR PLANT,TRICORBRAUN INC. (1000334),30,30,Standard PO (NB),
10/10/25,5/14/26,Vincent Blain-Guilbert,NANCY QUESSY,4500015001,JUG HEB PRO SC 20LB (300000067),300000067,IAW - WINDSOR PLANT,TRICORBRAUN INC. (1000334),7680,7680,Standard PO (NB),
10/10/25,5/14/26,Vincent Blain-Guilbert,NANCY QUESSY,4500015001,DISPOSABLE PALLET (40X48) (400000017),400000017,IAW - WINDSOR PLANT,TRICORBRAUN INC. (1000334),30,30,Standard PO (NB),
10/10/25,5/14/26,Vincent Blain-Guilbert,NANCY QUESSY,4500015002,JUG HEB PRO SC 20LB (300000067),300000067,IAW - WINDSOR PLANT,TRICORBRAUN INC. (1000334),7680,7680,Standard PO (NB),
10/10/25,5/14/26,Vincent Blain-Guilbert,NANCY QUESSY,4500015002,DISPOSABLE PALLET (40X48) (400000017),400000017,IAW - WINDSOR PLANT,TRICORBRAUN INC. (1000334),30,30,Standard PO (NB),
10/10/25,5/27/26,Vincent Blain-Guilbert,NANCY QUESSY,4500014945,JUG HEB PRO SC 14LB (300000068),300000068,IAW - WINDSOR PLANT,TRICORBRAUN INC. (1000334),8640,8640,Standard PO (NB),
10/10/25,5/27/26,Vincent Blain-Guilbert,NANCY QUESSY,4500014945,DISPOSABLE PALLET (40X48) (400000017),400000017,IAW - WINDSOR PLANT,TRICORBRAUN INC. (1000334),30,30,Standard PO (NB),
12/19/25,6/5/26,Nancy Quessy,NANCY QUESSY,4500017615,BOX COSTCO QUALICAT MAX UN 18.14 KG (300000632),300000632,IAG - WASTENOT MGMT GREELEY,PACKAGING EXPRESS INC. (1000310),26000,26000,Standard PO (NB),
12/22/25,6/8/26,Isabelle Picard,ISABELLE PICARD,4500017690,LB ODOUR LOCK BP 12kg (300000648),300000648,ICN - NEWTON PLANT,SUPERB PACKAGING INC. (1000362),145000,145000,Standard PO (NB),
12/22/25,6/8/26,Isabelle Picard,ISABELLE PICARD,4500017691,LB ODOUR LOCK UN 12kg (300000649),300000649,ICN - NEWTON PLANT,SUPERB PACKAGING INC. (1000362),900000,900000,Standard PO (NB),
12/22/25,6/8/26,Isabelle Picard,ISABELLE PICARD,4500017692,LB ODOUR LOCK CHLA 12kg (300000650),300000650,ICN - NEWTON PLANT,SUPERB PACKAGING INC. (1000362),150000,150000,Standard PO (NB),
12/22/25,6/8/26,Isabelle Picard,ISABELLE PICARD,4500017693,LB ODOUR LOCK CB 12kg (300000651),300000651,ICN - NEWTON PLANT,SUPERB PACKAGING INC. (1000362),170000,170000,Standard PO (NB),
12/22/25,6/8/26,Isabelle Picard,ISABELLE PICARD,4500017694,LB ODOR LOCK Un 25LB US (300000646),300000646,IAW - WINDSOR PLANT,SUPERB PACKAGING INC. (1000362),65000,65000,Standard PO (NB),
12/22/25,6/8/26,Isabelle Picard,ISABELLE PICARD,4500017694,LB ODOR LOCK LA 25LB US (300000663),300000663,IAW - WINDSOR PLANT,SUPERB PACKAGING INC. (1000362),25000,25000,Standard PO (NB),
10/10/25,6/10/26,Vincent Blain-Guilbert,NANCY QUESSY,4500014946,JUG HEB PRO SC 14LB (300000068),300000068,IAW - WINDSOR PLANT,TRICORBRAUN INC. (1000334),8640,8640,Standard PO (NB),
10/10/25,6/10/26,Vincent Blain-Guilbert,NANCY QUESSY,4500014946,DISPOSABLE PALLET (40X48) (400000017),400000017,IAW - WINDSOR PLANT,TRICORBRAUN INC. (1000334),30,30,Standard PO (NB),
6/10/25,10/5/26,Isabelle Picard,ISABELLE PICARD,4500011051,BAG (RL) - ODOUR LOCK BP 12KG V3 (300000507),300000507,ICN - NEWTON PLANT,SUPERB PACKAGING INC. (1000362),160000,160000,Standard PO (NB),
6/10/25,10/5/26,Isabelle Picard,ISABELLE PICARD,4500011052,BAG (RL) - ODOUR LOCK UN 12KG V3 (300000508),300000508,ICN - NEWTON PLANT,SUPERB PACKAGING INC. (1000362),750000,750000,Standard PO (NB),
6/10/25,10/5/26,Isabelle Picard,ISABELLE PICARD,4500011053,BAG (RL) - ODOUR LOCK CHLA 12KG V3 (300000509),300000509,ICN - NEWTON PLANT,SUPERB PACKAGING INC. (1000362),160000,160000,Standard PO (NB),
6/10/25,10/5/26,Isabelle Picard,ISABELLE PICARD,4500011054,BAG (RL) - ODOUR LOCK CB 12KG V3 (300000510),300000510,ICN - NEWTON PLANT,SUPERB PACKAGING INC. (1000362),150000,150000,Standard PO (NB),
6/10/25,10/5/26,Isabelle Picard,ISABELLE PICARD,4500011055,BAG (RL) OL MAXCARE UN 12KG V3 (300000515),300000515,ICN - NEWTON PLANT,SUPERB PACKAGING INC. (1000362),50000,50000,Standard PO (NB),
