Site,Product Codes,Description,Packaging,Packaging #,CAP,Units of Packaging / SKU,Liner,MASTER CASE,
IAW,10004000,BOXIE SCENTED SC 40LB Bag HT PAL - 152,Bag,300000095,,1,,,
IAW,10006140,BOXIE ORIGINAL SC 28LB Bag HT PAL - 103A,Bag,300000051,,1,,,
IAW,10006470,BOXIE ORIGINAL SC 16LB Bag HT PAL - 102,Bag,300000052,,1,,,
IAW,10384130,BLAIN UN 35LB PAIL ,Pail,300000084,300000092,1,,,
IAW,10384135,BLAIN SC 35LB PAIL ,Pail,300000085,300000092,1,,,
IAW,10741301,HEB PRO UN 3x14LB JUG ,Jug,300000065,300000069,3,,300000020,
IAW,10741591,HEB ORIGINAL UN 2x20LB JUG ,Jug,300000066,300000069,2,,300000031,
IAW,10742971,HEB ORIGINAL UN 35LB PAIL ,Pail,300000086,300000091,1,,,
IAW,10755431,HEB PRO SC 35LB PAIL ,Pail,300000087,300000091,1,,,
IAW,10755591,HEB PRO SC 14LB Box ,Box,300000042,,1,300000070,,
IAW,10755891,HEB PRO SC 2x20LB JUG ,Jug,300000067,300000069,2,,300000031,
IAW,10756001,HEB PRO SC 28LB Box ,Box,300000049,,1,300000071,,
IAW,10756171,HEB PRO SC 3x14LB JUG ,Jug,300000068,300000069,3,,300000020,
IAW,10792971,HEB ORIGINAL UN 20LB Bag ,Bag,300000096,,1,,,
IAW,10829410,BOXIE PRO UN 40LB BAG HT PAL - 154C,Bag,300000498,,1,,,
IAW,10830050,BOXIE PRO UN 28LB Bag HT PAL - 131A,Bag,300000055,,1,,,
IAW,10882420,INTERSAND CAT MAGIC SC 14LB Bag ,Pouch,300000098,,1,,,
IAW,10882435,INTERSAND CAT MAGIC UN 25LB BAG,Laminated Bag,300000072,,1,,,
IAW,10882535,INTERSAND CAT MAGIC LESS TRACK UN 25LB Bag,Laminated Bag,300000123,,1,,,
IAW,10883680,INTERSAND CAT MAGIC UN 14LB Bag ,Pouch,300000099,,1,,,
IAW,10884105,INTERSAND CAT MAGIC SC 25LB BAG,Laminated Bag,300000073,,1,,,
IAW,10884580,INTERSAND CAT MAGIC LESS TRACK UN 14LB Bag ,Pouch,300000100,,1,,,
IAW,10911720,INTERSAND CAT MAGIC CARBON UN 14LB Bag ,Pouch,300000101,,1,,,
IAW,10913085,INTERSAND CAT MAGIC CARBON UN 25LB BAG,Laminated Bag,300000074,,1,,,
IAW,18915565,INTERSAND F&N SC 40LB Bag ,Bag,300000102,,1,,,
IAW,18915610,INTERSAND F&N SC 20LB Bag ,Bag,300000103,,1,,,
IAW,19050620,INTEGRITY CLUMPING UN 20LB Bag,Bag,300000104,,1,,,
IAW,19050640,INTEGRITY CLUMPING UN 40LB Bag,Bag,300000105,,1,,,
IAW,19059020,INTEGRITY MULTI UN 20LB Bag,Bag,300000106,,1,,,
IAW,19059040,INTEGRITY MULTI UN 40LB Bag,Bag,300000107,,1,,,
IAW,19723130,INTERSAND F&N UN 20LB Bag ,Bag,300000108,,1,,,
IAW,19723145,INTERSAND F&N UN 40LB Bag ,Bag,300000109,,1,,,
IAW,20030402,PetSuppliesPlus Play On FS 20LB BAG     ,Bag,300000314,,1,,,
IAW,20030407,PetSuppliesPlus Play On LA 40LB BAG     ,Bag,300000114,,1,,,
IAW,20050407,F4L CLMP MC LITTER 40lb,Bag,300000116,,1,,,
IAW,20050408,F4L CLMP UNSCNT LITTER 40lb,Bag,300000117,,1,,,
IAW,20050410,F4L CLMP OCEAN BREEZE 40lb,Bag,300000118,,1,,,
IAW,22656000,NATIONAL 12 UN BULK 40LB BAG,Bag,300000122,,1,,,
IAW,40123254,INTERSAND ODOUR BUSTER MULTICAT UN 12KG BAG ,Bag,300000000,,1,,,
IAW,40124257,INTERSAND ODOUR BUSTER MC AMERICA UN 12KG BAG ,Pouch,300000002,,1,,,
IAW,40125258,INTERSAND ODOUR BUSTER MC AMERICA SC 12KG BAG ,Pouch,300000003,,1,,,
IAW,44550115,KITTY POO UN 15LB BAG,Bag,300000141,,1,,,
IAW,44550315,KITTY POO UN 15LB BAG HT PAL,Bag,300000504,,1,,,
IAW,52018000,INTERSAND JUST CAT LITTER 18KG BAG ,Bag,300000005,,1,,,
IAW,52018005,INTERSAND DAILY MIX 18KG BAG ,Bag,300000005,,1,,,
IAW,56006013,INTERSAND ODOR LOCK BP 13LB BAG ,Pouch,300000006,,1,,,
IAW,56030000,INTERSAND CLASSIC BP 30LB BAG ,Bag,300000010,,1,,,
IAW,56106013,INTERSAND ODOR LOCK UN 13LB BAG ,Pouch,300000007,,1,,,
IAW,56207000,INTERSAND CLASSIC UN 7KG BAG ,Bag,300000015,,1,,,
IAW,56230000,INTERSAND CLASSIC UN 30LB BAG ,Bag,300000011,,1,,,
IAW,56306013,INTERSAND ODOR LOCK LA 13LB BAG ,Pouch,300000008,,1,,,
IAW,56325000,INTERSAND ODOR LOCK La 25LB BAG ,Laminated Bag,300000077,,1,,,
IAW,56325002,ODORLOCK La 25LB BAG (RL) HT PAL,Laminated Bag,300000138,,1,,,
IAW,56330000,INTERSAND CLASSIC La 30LB BAG ,Bag,300000012,,1,,,
IAW,56406013,INTERSAND ODOR LOCK CB 13LB BAG ,Pouch,300000009,,1,,,
IAW,56425000,INTERSAND ODOR LOCK CB 25LB BAG ,Laminated Bag,300000078,,1,,,
IAW,56425002,ODORLOCK CB 25LB BAG (RL) HT PAL,Laminated Bag,300000139,,1,,,
IAW,56430000,INTERSAND CLASSIC NF 30LB BAG ,Bag,300000013,,1,,,
IAW,60020100,FRISCO CLUMPING UN 20LB BAG ,Bag,300000016,,1,,,
IAW,60024100,FRISCO CLUMPING FB 20LB BAG ,Bag,300000536,,1,,,
IAW,60024110,Chewy MC FB Clumping 20lb bag PAL JTN,Bag,300000527,,1,,,
IAW,60035110,Chewy  OD UN Clumping 35lb bag PAL JTN                 ,Bag,300000525,,1,,,
IAW,60040110,Chewy MC UN Clumping  40lb bag PAL JTN,Bag,300000523,,1,,,
IAW,60120100,FRISCO CLUMPING CR 20LB BAG,Bag,300000022,,1,,,
IAW,60130000,SETORY 1SCOOP FB 40LB BAG,Bag,300000023,,1,,,
IAW,60140000,FRISCO CLUMPING CR 40LB BAG,Bag,300000024,,1,,,
IAW,60140100,FRISCO CLUMPING CR 40LB BAG,Bag,300000025,,1,,,
IAW,60150000,SETORY 1SCOOP UN 40LB BAG,Bag,300000026,,1,,,
IAW,60235000,FRISCO ODOR DEFENSE Ch 35LB BAG,Bag,300000027,,1,,,
IAW,60335000,FRISCO ODOR DEFENSE HP 35LB BAG,Bag,300000029,,1,,,
IAW,60340110,Chewy LA Clumping  40lb bag PAL JTN,Bag,300000529,,1,,,
IAW,60440110,Chewy MC FB Clumping  40lb bag PAL JTN,Bag,300000524,,1,,,
IAW,60540100,FRISCO CLUMPING TP 40LB BAG ,Bag,300000519,,1,,,
IAW,60540110,Chewy TB  Clumping  40lb bag PAL JTN,Bag,300000528,,1,,,
IAW,60640000,FRISCO ODOR DEFENSE Ho 35LB BAG ,Bag,300000035,,1,,,
IAW,60740000,FRISCO BAKING SODA UN 40LB BAG ,Bag,300000521,,1,,,
IAW,61335100,FRISCO ODOR DEFENSE La 35LB BAG ,Bag,300000038,,1,,,
IAW,61335110,Chewy OD LA Clumping  35lb bag PAL JTN,Bag,300000526,,1,,,
IAW,70020000,ARTEMIS BONO BOX SC 25LB BAG,Laminated Bag,300000080,,1,,,
IAW,70020100,ARTEMIS BONO BOX UN 25LB BAG,Laminated Bag,300000081,,1,,,
IAW,70020200,ARTEMIS BONO BOX SC 40LB BAG,Bag,300000039,,1,,,
IAW,70020300,ARTEMIS BONO BOX UN 40LB BAG,Bag,300000040,,1,,,
IAW,84882300,BOXIE ORIGINAL UN 16LB Bag HT PAL - 100,Bag,300000058,,1,,,
IAW,84884000,BOXIE ORIGINAL UN 40LB Bag HT PAL - 151,Bag,300000041,,1,,,
IAW,86628820,BLAIN UN 20LB Bag ,Bag,300000043,,1,,,
IAW,86628825,BLAIN SC 20LB Bag ,Bag,300000044,,1,,,
IAW,99637000,BOXIE EXTRA UN 16LB Bag HT PAL - 146,Bag,300000125,,1,,,
IAW,99638000,BOXIE EXTRA UN 16LB Bag HT PAL - 104,Bag,300000059,,1,,,
IAW,99640000,BOXIE EXTRA UN 40LB Bag HT PAL - 153,Bag,300000047,,1,,,
IAW,99648000,BOXIE EXTRA UN 28LB Bag HT PAL - 105A,Bag,300000060,,1,,,
IAW,99888400,BOXIE ORIGINAL UN 28LB Bag HT PAL - 101A,Bag,300000061,,1,,,
IAW,86628830,BLAINS WINTER PINE (HB) 20LB BAG HT PAL,Bag,300000201,,1,,,
IAW,44550215,KAYLOR COUNTRY BLENDS 15LB BAG HT PAL,Bag,300000318,,1,,,
IAW,56125001,INTERSAND ODOR LOCK UN 25LB BAG ,Laminated Bag,300000471,,1,,,
IAW,56612001,INTERSAND MAXCARE Un 25LB Laminated Bag,Laminated Bag,300000472,,1,,,
IAW,10829500,HEB PRO SC 42LB BOX HT PAL,Box,300000495,,1,300000071,,
IAW,56125002,ODORLOCK UN 25LB BAG (RL) HT PAL,Laminated Bag,300000497,,1,,,
IAW,56612002,OL MAXCARE UN 25LB BAG (RL) HT PAL,Laminated Bag,300000505,,1,,,
IAW,56107013,ODORLOCK UN 13 LB SAC (SUPLR)  PAL JT,Pouch,300000135,,1,,,
IAW,56307013,ODORLOCK LA 13 LB BAG  (SUPRL) HT PAL,Pouch,300000137,,1,,,
IAW,10829800,BOXIE PRO UN 16LB BAG HT PAL - 130C,Bag,300000499,,1,,,
IAW,60615000,PET FOOD EXPRESS (PFX) 15LB UN BAG HT PAL,Bag,300000533,,1,,,
IAW,60625000,PET FOOD EXPRESS (PFX) 30LB UN BAG HT PAL,Bag,300000534,,1,,,
IAW,60635000,PET FOOD EXPRESS (PFX) 30LB LA BAG HT PAL,Bag,300000535,,1,,,
IAW,10755721,HEB PRO SC 40LB Box ,Box,300000048,,1,300000071,,
IAW,10829400,BOXIE PRO UN 40LB Bag HT PAL - 154,Bag,300000097,,1,,,
IAW,20030400,PetSuppliesPlus Play On UN 20LB BAG    ,Bag,300000110,,1,,,
IAW,20030401,PetSuppliesPlus Play On LA 20LB BAG     ,Bag,300000111,,1,,,
IAW,20030403,PetSuppliesPlus Play On UN 35LB PAIL    ,Pail,300000088,300000091,1,,,
IAW,20030404,PetSuppliesPlus Play On LA 35LB PAIL     ,Pail,300000089,300000091,1,,,
IAW,20030405,PetSuppliesPlus Play On FS 35LB PAIL     ,Pail,300000090,300000091,1,,,
IAW,20030406,PetSuppliesPlus Play On UN 40LB BAG    ,Bag,300000113,,1,,,
IAW,20030408,PetSuppliesPlus Play On FS 40LB BAG     ,Bag,300000115,,1,,,
IAW,22040000,INTERSAND SIMPLE UN 40LB BAG ,Bag,300000121,,1,,,
IAW,31001001,PETCO-SO PHRESH ADV.ODOR CONTROL UNS 40LB Bag,Bag,300000133,,1,,,
IAW,31002001,PETCO-SO PHRESH ADV.ODOR CONTROL UNS 30LB PAIL,Pail,300000129,300000130,1,,,
IAW,31003001,PETCO-SO PHRESH DUAL ODOR MULTI LB 30LB PAIL,Pail,300000308,300000132,1,,,
IAW,51023000,COSTCO QUALICAT MAX UN 18.14 KG Box,Box,300000632,,1,300000071,,
IAW,56025000,INTERSAND ODOR LOCK BP 25LB BAG ,Laminated Bag,300000075,,1,,,
IAW,56025002,ODORLOCK BP 25LB BAG (RL) HT PAL,Laminated Bag,300000134,,1,,,
IAW,56125000,INTERSAND ODOR LOCK UN 25LB BAG ,Laminated Bag,300000076,,1,,,
IAW,56612000,INTERSAND MAXCARE Un 25LB Laminated Bag,Laminated Bag,300000079,,1,,,
IAW,60035100,FRISCO ODOR DEFENSE UN 35LB BAG ,Bag,300000018,,1,,,
IAW,60040100,FRISCO CLUMPING UN 40LB BAG ,Bag,300000516,,1,,,
IAW,60340100,FRISCO CLUMPING La 40LB BAG ,Bag,300000032,,1,,,
IAW,60440100,FRISCO CLUMPING FB 40LB BAG ,Bag,300000517,,1,,,
IAW,96573700,HOLLYWOOD FEED UN 20LB Bag,Bag,300000045,,1,,,
IAW,96573800,HOLLYWOOD FEED SC 20LB Bag ,Bag,300000143,,1,,,
IAW,44551015,KITTY POO SC 15LB BAG HT PAL,Bag,300000504,,1,,,
ICB,10502000,FRESSNAPF PREMIERE EXCELLENT XL BP 12KG Sac,Sac,300000301,,,,,
ICB,10645000,FRESSNAPF PREMIER EXCELLENT BP 12KG Sac,Sac,300000305,,,,,
ICB,10745000,FRESSNAPF CHBL 12KG SAC EURO PAL,Sac,300000494,,,,,
ICB,11022000,COSTCO QUALICAT Pi ES 22.7KG Boîte,Boite,300000319,,,,,
ICB,12022000,COSTCO QUALICAT Pi FR 22.7KG Boîte,Boite,300000319,,,,,
ICB,17075002,INTERSAND CAT EX Un 10KG Sac,Sac,300000470,,,,,
ICB,17075003,INTERSAND CAT EX Un 10KG Sac,Sac,300000470,,,,,
ICB,17076002,INTERSAND CAT EX Un 18KG Sac,Sac,300000321,,,,,
ICB,17076003,INTERSAND CAT EX Un 18KG Sac,Sac,300000321,,,,,
ICB,18007000,INTERSAND CLASSIC BP 7KG Sac,Sac,300000014,,,,,
ICB,18014000,INTERSAND CLASSIC BP 14KG Sac,Sac,300000322,,,,,
ICB,18018000,INTERSAND JUST CAT LITTER Un 18KG Sac,Sac,300000005,,,,,
ICB,18207000,INTERSAND CLASSIC Un 7KG Sac,Sac,300000015,,,,,
ICB,18214000,INTERSAND CLASSIC Un 14KG Sac,Sac,300000323,,,,,
ICB,18314000,INTERSAND CLASSIC La 14KG Sac,Sac,300000324,,,,,
ICB,18514000,INTERSAND CLASSIC PF 14KG Sac,Sac,300000325,,,,,
ICB,21012000,INTERSAND ODOUR LOCK BP 12KG Sac Laminé,Sac laminé,300000330,,,,,
ICB,21012003,ODOUR LOCK BP 12KG SAC (LR) EURO PAL,Sac laminé,300000507,,,,,
ICB,21106002,INTERSAND ODOUR LOCK Un 6KG Sac Laminé Recyclable,Sac laminé Recyclable,300000333,,,,,
ICB,21112000,INTERSAND ODOUR LOCK Un 12KG Sac Laminé,Sac laminé,300000334,,,,,
ICB,21112003,ODOUR LOCK Un 12KG SAC (LR) EURO PAL,Sac laminé,300000508,,,,,
ICB,21412000,INTERSAND ODOUR LOCK CB 12KG Sac Laminé,Sac laminé,300000342,,,,,
ICB,21412003,ODOUR LOCK CB 12KG SAC (LR) EURO PAL,Sac laminé,300000510,,,,,
ICB,21612000,INTERSAND MAXCARE UN 12KG Sac Laminé,Sac laminé,300000344,,,,,
ICB,22014000,INTERSAND SIMPLE UN 14KG Sac,Sac,300000346,,,,,
ICB,22015000,INTERSAND SIMPLE UN 14KG Sac,Sac,300000346,,,,,
ICB,22016000,INTERSAND SIMPLE Un 14KG Sac,Sac,300000346,,,,,
ICB,23012000,INTERSAND SIMPLE UN 10KG Sac,Sac,300000348,,,,,
ICB,23013000,INTERSAND SIMPLE UN 10KG Sac,Sac,300000348,,,,,
ICB,23015000,INTERSAND SIMPLE UN 10KG Sac,Sac,300000348,,,,,
ICB,32014000,INTERSAND CLASSIC BP 14KG Sac,Sac,300000322,,,,,
ICB,32106002,INTERSAND ODOUR LOCK UN 6KG Sac laminé Recyclable,Sac laminé Recyclable,300000333,,,,,
ICB,32112000,INTERSAND ODOUR LOCK UN 12KG Sac laminé,Sac laminé,300000334,,,,,
ICB,32112003,ODOUR LOCK Un 12KG SAC (LR) DISP PAL,Sac laminé,300000508,,,,,
ICB,32012000,INTERSAND ODOUR LOCK BP 12KG Sac laminé,Sac laminé,300000330,,,,,
ICB,32012003,ODOUR LOCK BP 12KG SAC (LR) DISP PAL,Sac laminé,300000507,,,,,
ICB,32207000,INTERSAND CLASSIC UN 7KG Sac,Sac,300000015,,,,,
ICB,32214000,INTERSAND CLASSIC UN 14KG Sac,Sac,300000323,,,,,
ICB,32314000,INTERSAND CLASSIC La 14KG Sac,Sac,300000324,,,,,
ICB,32412000,INTERSAND ODOUR LOCK CB 12KG Sac laminé,Sac laminé,300000342,,,,,
ICB,32412003,ODOUR LOCK CB 12KG SAC (LR) DISP PAL,Sac laminé,300000510,,,,,
ICB,32414001,INTERSAND CLASSIC PF 14KG Sac,Sac,300000325,,,,,
ICB,32612000,INTERSAND MAXCARE UN 12KG Sac Laminé,Sac laminé,300000344,,,,,
ICB,40123254,INTERSAND ODOUR BUSTER MULTICHAT UN 12KG Sac,Sac,300000000,,,,,
ICB,50012000,INTERSAND ODOUR LOCK BP 12KG Sac laminé,Sac laminé,300000330,,,,,
ICB,50012003,ODOUR LOCK BP 12KG SAC (LR) CHEP PAL,Sac laminé,300000507,,,,,
ICB,50106002,INTERSAND ODOUR LOCK UN 6 KG Sac Laminé Recyclable,Sac laminé Recyclable,300000333,,,,,
ICB,50112000,INTERSAND ODOUR LOCK UN 12KG Sac laminé,Sac laminé,300000334,,,,,
ICB,50112003,ODOUR LOCK Un 12KG SAC (LR) CHEP PAL,Sac laminé,300000508,,,,,
ICB,50412000,INTERSAND ODOUR LOCK CB 12KG Sac laminé,Sac laminé,300000342,,,,,
ICB,50412003,ODOUR LOCK CB 12KG SAC (LR) CHEP PAL,Sac laminé,300000510,,,,,
ICB,50612000,INTERSAND MAXCARE UN 12KG Sac Laminé,Sac laminé,300000344,,,,,
ICB,51022000,COSTCO QUALICAT Pi 22.7KG Boîte,Boite,300000319,,,,,
ICB,51032000,COSTCO QUALICAT EXTRA Pi 22.7KG Boîte,Boite,300000540,,,,,
ICB,53014000,MONDOU O'SELECT Ma 14KG Sac,Sac,300000384,,,,,
ICB,53218000,MONDOU O'SELECT UN 18KG Boîte,Boite,300000388,,,,,
ICB,58007000,INTERSAND CLASSIC BP 7KG Sac,Sac,300000014,,,,,
ICB,58014000,INTERSAND CLASSIC BP 14KG Sac,Sac,300000322,,,,,
ICB,58207000,INTERSAND CLASSIC UN 7KG Sac,Sac,300000015,,,,,
ICB,58214000,INTERSAND CLASSIC UN 14KG Sac,Sac,300000323,,,,,
ICB,58314000,INTERSAND CLASSIC La 14KG Sac,Sac,300000324,,,,,
ICB,58514000,INTERSAND CLASSIC PF 14KG Sac,Sac,300000325,,,,,
ICB,21306002,INTERSAND ODOUR LOCK ChLa 6KG Sac Laminé Recyclable,Sac laminé Recyclable,300000337,,,,,
ICB,21406002,INTERSAND ODOUR LOCK CB 6KG Sac Laminé Recyclable,Sac laminé Recyclable,300000341,,,,,
ICB,21406003,ODOUR LOCK CB 6KG SAC (LR) EURO PAL,Sac laminé Recyclable,300000514,,,,,
ICB,32406002,INTERSAND ODOUR LOCK CB 6KG Sac Laminé Recyclable,Sac laminé Recyclable,300000341,,,,,
ICB,32406003,ODOUR LOCK CB 6KG SAC (LR) DISP PAL,Sac laminé Recyclable,300000514,,,,,
ICB,50306002,INTERSAND ODOUR LOCK ChLa 6KG Sac Laminé Recyclable,Sac laminé Recyclable,300000337,,,,,
ICB,50406002,INTERSAND ODOUR LOCK CB 6KG Sac Laminé Recyclable,Sac laminé Recyclable,300000341,,,,,
ICB,50406003,ODOUR LOCK CB 6KG SAC (LR) CHEP PAL,Sac laminé Recyclable,300000514,,,,,
ICB,21612002,INTERSAND MAXCARE UN 12KG Sac Laminé Recyclable,Sac laminé Recyclable,300000345,,,,,
ICB,32612002,INTERSAND MAXCARE UN 12KG Sac Laminé Recyclable,Sac laminé Recyclable,300000345,,,,,
ICB,50612002,INTERSAND MAXCARE UN 12KG Sac Laminé Recyclable,Sac laminé Recyclable,300000345,,,,,
ICB,50006002,INTERSAND ODOUR LOCK BP 6KG Sac Laminé Recyclable,Sac laminé Recyclable,300000329,,,,,
ICB,21006002,INTERSAND ODOUR LOCK BP 6KG Sac Laminé Recyclable,Sac laminé Recyclable,300000329,,,,,
ICB,32006002,INTERSAND ODOUR LOCK BP 6KG Sac Laminé Recyclable,Sac laminé Recyclable,300000329,,,,,
ICB,32306002,INTERSAND ODOUR LOCK ChLa 6KG Sac Laminé Recyclable,Sac laminé Recyclable,300000337,,,,,
ICB,72210000,BUSINESSCOM HARMONY BP 10KG Sac,Sac,300000394,,,,,
ICB,72610000,BUSINESSCOM HARMONY Le 10KG Sac,Sac,300000395,,,,,
ICB,72310000,BUSINESSCOM HARMONY BP 10KG BAG EURO PAL,Sac,300000506,,,,,
ICB,80018000,PETEX Un 18KG Sac,Sac,300000423,,,,,
ICB,80019000,PETEX PREMIUM BP 18KG Sac,Sac,300000424,,,,,
ICB,81015000,LUPUS 4 FRIENDS La 10KG Sac,Sac,300000431,,,,,
ICB,81016000,LUPUS 4 FRIENDS Un 10KG Sac,Sac,300000432,,,,,
ICB,81017000,LUPUS 4 FRIENDS OB 10KG Sac,Sac,300000433,,,,,
ICB,81018000,LUPUS 4 FRIENDS MULTICHAT Un 10KG Sac,Sac,300000434,,,,,
ICB,85210000,CROCI SUPREME Un 10KG Sac,Sac,300000438,,,,,
ICB,85410000,CROCI SUPREME Eu 10KG Sac,Sac,300000439,,,,,
ICB,86208000,PET LOVERS TRUSTIE Un 8.1KG Sac,Sac,300000440,,,,,
ICB,86212000,PET LOVERS TRUSTIE PREMIUM Un 12KG Sac,Sac,300000441,,,,,
ICB,87910001,MUSTI COMPACT CARE LESS TRACK Un 10KG Sac Laminé,Sac laminé,300000458,,,,,
ICB,88112001,MATINA TIGERINO Pi 12KG Sac,Sac,300000460,,,,,
ICB,88212001,MATINA TIGERINO OB 12KG Sac,Sac,300000461,,,,,
ICB,88312000,MATINA TIGERINO MAXIMUM ODOUR CONTROL 12KG Sac,Sac,300000462,,,,,
ICB,87910002,MUSTI COMPACT CARE LESS TRACK Un 10KG Sac Laminé Recyclable,Sac Laminé Recyclable,300000538,,,,,
ICB,32312000,INTERSAND ODOUR LOCK ChLa 12KG Sac laminé,Sac laminé,300000338,,,,,
ICB,32312003,ODOUR LOCK CHLA 12KG SAC (LR) DISP PAL,Sac laminé,300000509,,,,,
ICB,57312000,INTERSAND ODOUR LOCK ChLa 12KG Sac laminé,Sac laminé,300000338,,,,,
ICB,21312000,INTERSAND ODOUR LOCK ChLa 12KG Sac Laminé,Sac laminé,300000338,,,,,
ICB,21312003,ODOUR LOCK CHLA 12KG SAC (LR) EURO PAL,Sac laminé,300000509,,,,,
ICB,50312000,INTERSAND ODOUR LOCK ChLa 12KG Sac laminé,Sac laminé,300000338,,,,,
ICB,50312003,ODOUR LOCK CHLA 12KG SAC (LR) CHEP PAL,Sac laminé,300000509,,,,,
ICB,81012001,ANISERCO TOM&CO GOOD BP 12KG SAC EUR PAL,Sac,300000430,,,,,
ICB,81012002,ANISERCO TOM&CO GOOD BP 12KG SAC EUR PAL,Sac,300000021,,,,,
ICB,81019000,ANISERCO TOM&CO GOOD BP 7KG SAC EUR PAL,Sac,300000531,,,,,
ICB,81013000,ANISERCO TOM&CO GOOD UN 12KG SAC EUR PAL,Sac,300000530,,,,,
ICB,81012100,ANISERCO TOM&CO GOOD BP XL 12KG BAG EUR,Sac,300000630,,,,,
ICB,44120005,MONDOU O'SELECT UP UN 12KG SAC LAMINÉ,Sac laminé,300000369,,,,,
ICB,53014001,MONDOU O'SELECT Ma 14KG Sac,Sac,300000385,,,,,
ICB,53210001,MONDOU O'SELECT Un 10KG Sac,Sac,300000387,,,,,
ICB,17077000,CAT EX BP 10KG BAG DISP PAL,Sac,300000490,,,,,
ICB,17077001,CAT EX BP 10KG BAG HT PAL,Sac,300000490,,,,,
ICB,17077002,CAT EX BP 10KG BAG EURO PAL,Sac,300000490,,,,,
ICB,17077003,CAT EX BP 10KG BAG CHEP PAL,Sac,300000490,,,,,
ICB,10745000,FRESSNAPF CHBL 12KG BAG EURO PAL,Sac,300000494,,,,,
ICB,21612003,OL MAXCARE UN 12KG SAC (LR) EURO PAL,Sac laminé Recyclable,300000515,,,,,
ICB,32612003,OL MAXCARE UN 12KG SAC (LR) DISP PAL,Sac laminé Recyclable,300000515,,,,,
ICB,50612003,OL MAXCARE UN 12KG SAC (LR) CHEP PAL,Sac laminé Recyclable,300000515,,,,,
ICB,17077000,CAT EX BP 10KG BAG DISP PAL,Sac,300000490,,,,,
ICB,17077001,CAT EX BP 10KG BAG HT PAL,Sac,300000490,,,,,
ICB,17077002,CAT EX BP 10KG BAG EURO PAL,Sac,300000490,,,,,
ICB,17077003,CAT EX BP 10KG BAG CHEP PAL,Sac,300000490,,,,,
ICB,56018000,INTERSAND JUST CAT LITTER Un 18KG Sac,Sac,300000005,,,,,
ICB,90000010,RECYMIX 15KG BAG DISP PAL,Sac,300000480,,,,,
ICB,45100046,NUTBAL Nomade BP 10KG Sac,Sac,300000376,,,,,
ICB,10503000,FRESSNAPF PURE Un 12KG Sac,Sac,300000302,,,,,
ICB,10509000,FRESSNAPF SENS Un 12KG Sac,Sac,300000304,,,,,
ICB,21006001,INTERSAND ODOUR LOCK BP 6KG Sac,Sac,300000328,,,,,
ICB,21406001,INTERSAND ODOUR LOCK CB 6KG Sac,Sac,300000340,,,,,
ICB,32006001,INTERSAND ODOUR LOCK BP 6KG Sac,Sac,300000328,,,,,
ICB,50006001,INTERSAND ODOUR LOCK BP 6KG Sac,Sac,300000328,,,,,
ICB,50406001,INTERSAND ODOUR LOCK CB 6KG Sac,Sac,300000340,,,,,
ICB,56406001,INTERSAND ODOUR LOCK CB 6KG Sac,Sac,300000340,,,,,
ICB,68015000,HUSSE Un 15KG Boîte,Boite,300000393,,,,,
ICB,80110000,AGRIFARMA NEXT CAT Le 10KG Sac,Sac,300000425,,,,,
ICB,80110000,AGRIFARMA NEXT CAT Le 10KG Sac,Sac,300000425,,,,,
ICB,80210000,AGRIFARMA NEXT CAT Un 10KG Sac,Sac,300000426,,,,,
ICB,80310000,AGRIFARMA NEXT CAT La 10KG Sac,Sac,300000427,,,,,
ICB,81010000,AGRIFARMA NEXT CAT BP 10KG Sac,Sac,300000428,,,,,
ICB,81214000,LUPUS 4 FRIENDS Un 14KG Sac,Sac,300000435,,,,,
ICB,81414000,LUPUS 4 FRIENDS OB 14KG Sac,Sac,300000437,,,,,
ICB,53218001,MONDOU O'SELECT Un 18KG Boîte,Boite,300000389,,,,,
ICB,68012000,HUSSE Un 12KG BAG EURO PAL,Sac,300000647,,,,,
ICE,10645000,FRESSNAPF PREMIER EXCELLENT BP 12KG Bag,Bag,300000305,,,,,
ICE,20050412,F4L CLMP ODOR DESTROYER LITTER 40LB,Bag,300000326,,,,,
ICE,20050413,F4L CLMP ODOR DESTROYER LITTER 18LB,Bag,300000327,,,,,
ICE,40123254,INTERSAND ODOUR BUSTER MULTICHAT UN 12KG Bag,Bag,300000000,,,,,
ICE,40123354,INTERSAND ODOUR BUSTER MULTICHAT UN 12KG Bag,Bag,300000000,,,,,
ICE,51022000,COSTCO QUALICAT Pi 22.7KG Box,Box,300000319,,,,,
ICE,51032000,COSTCO QUALICAT EXTRA Pi 22.7KG Box,Box,300000540,,,,,
ICE,74016000,GAGNON BP 16KG Bag,Bag,300000408,,,,,
ICE,74018000,GAGNON Un 18KG Bag,Bag,300000409,,,,,
ICE,75141800,NORMAN BP 18KG Bag,Bag,300000411,,,,,
ICE,75151800,NORMAN Un 18KG Bag,Bag,300000412,,,,,
ICE,75171500,HTZ SILVER SAND BP 15KG Bag,Bag,300000413,,,,,
ICE,75181500,HTZ SILVER SAND Un 15KG Bag,Bag,300000414,,,,,
ICE,76015000,PEAVEY HARVEST LITTER SC 10KG Bag,Bag,300000415,,,,,
ICE,76115000,PEAVEY HARVEST LITTER UN 10KG Bag,Bag,300000416,,,,,
ICE,76215000,PEAVEY HARVEST LITTER CARBON UN 10KG Bag,Bag,300000417,,,,,
ICE,76315000,PEAVEY HARVEST LITTER SC 18KG Bag,Bag,300000418,,,,,
ICE,76415000,PEAVEY HARVEST LITTER UN 18KG Bag,Bag,300000419,,,,,
ICE,77000701,INTERSAND PRACTICAT BP 7KG Bag,Bag,300000420,,,,,
ICE,77001201,INTERSAND PRACTICAT BP 12KG Bag,Bag,300000421,,,,,
ICE,77001401,INTERSAND PRACTICAT BP 14KG Bag,Bag,300000422,,,,,
ICE,77011401,INTERSAND PRACTICAT BP 14KG Bag,Bag,300000422,,,,,
ICE,87014000,MUSTI COMPACT CARE BP 14KG Bag,Bag,300000442,,,,,
ICE,87014002,MUSTI COMPACT CARE MULTICHAT BP 14KG Bag,Bag,300000443,,,,,
ICE,87210001,MUSTI SENSITIVE Un 10KG Laminated Bag,Laminated Bag,300000444,,,,,
ICE,87214001,MUSTI COMPACT CARE MULTICHAT Un 14KG Bag,Bag,300000447,,,,,
ICE,87310001,MUSTI STRONG CLMP La 10KG Laminated Bag,Laminated Bag,300000448,,,,,
ICE,87310002,MUSTI COMPACT CARE STRONG CLMP La 10KG Recyclable Laminated Bag,Recyclable Laminated Bag,300000449,,,,,
ICE,87414001,MUSTI COMPACT CARE MULTICHAT FLOWER 14KG Bag,Bag,300000451,,,,,
ICE,87510001,MUSTI ODOUR CONTROL Le 10KG Laminated Bag,Laminated Bag,300000452,,,,,
ICE,87610000,MUSTI COMPACT CARE ACTI Un 10KG Bag,Laminated Bag,300000454,,,,,
ICE,87610002,MUSTI COMPACT CARE UN 10KG Recyclable Laminated Bag,Recyclable Laminated Bag,300000455,,,,,
ICE,87710000,MUSTI COMPACT CARE NP 10KG Bag,Laminated Bag,300000456,,,,,
ICE,87710002,MUSTI COMPACT CARE NP 10KG Recyclable Laminated Bag,Recyclable Laminated Bag,300000457,,,,,
ICE,87210002,MUSTI COMPACT CARE SENSITIVE Un 10KG Recyclable Laminated Bag,Recyclable Laminated Bag,300000445,,,,,
ICE,87510002,MUSTI COMPACT CARE ODOUR CONTROL Le 10KG Recyclable Laminated Bag,Recyclable Laminated Bag,300000453,,,,,
ICE,58014000,CLASSIC BP 14KG BAG CHEP PAL ,Bag,300000322,,,,,
ICE,58314000,CLASSIC LA 14KG BAG CHEP PAL ,Bag,300000324,,,,,
ICE,58514000,CLASSIC PF 14KG BAG CHEP PAL ,Bag,300000325,,,,,
ICE,32414001,CLASSIC PF 14KG BAG DISP PAL ,Bag,300000325,,,,,
ICE,58214000,CLASSIC Un 14KG BAG CHEP PAL ,Bag,300000323,,,,,
ICE,32214000,CLASSIC Un 14KG BAG DISP PAL ,Bag,300000323,,,,,
ICE,40120001,ODOUR BUSTER MC Un 12KG BAG DISP PAL ,Bag,300000352,,,,,
ICE,40140001,ODOUR BUSTER OG Un 14KG BAG DISP PAL ,Bag,300000355,,,,,
ICE,50012000,ODOUR LOCK BP 12KG BAG CHEP PAL ,Bag,300000330,,,,,
ICE,50012003,ODOUR LOCK BP 12KG BAG (RL) CHEP PAL,Bag,300000507,,,,,
ICE,32012000,ODOUR LOCK BP 12KG BAG DISP PAL ,Bag,300000330,,,,,
ICE,32012003,ODOUR LOCK BP 12KG BAG (RL) DISP PAL,Bag,300000507,,,,,
ICE,50412000,ODOUR LOCK CB 12KG BAG CHEP PAL ,Bag,300000342,,,,,
ICE,50412003,ODOUR LOCK CB 12KG BAG (RL) CHEP PAL,Bag,300000510,,,,,
ICE,32412000,ODOUR LOCK CB 12KG BAG DISP PAL ,Bag,300000342,,,,,
ICE,32412003,ODOUR LOCK CB 12KG BAG (RL) DISP PAL,Bag,300000510,,,,,
ICE,50312000,ODOUR LOCK CHLA 12KG BAG CHEP PAL ,Bag,300000338,,,,,
ICE,50312003,ODOUR LOCK CHLA 12KG BAG (RL) CHEP PAL,Bag,300000509,,,,,
ICE,32312000,ODOUR LOCK CHLA 12KG BAG DISP PAL ,Bag,300000338,,,,,
ICE,32312003,ODOUR LOCK CHLA 12KG SAC (LR) DISP PAL,Bag,300000509,,,,,
ICE,50112000,ODOUR LOCK Un 12KG BAG CHEP PAL ,Bag,300000330,,,,,
ICE,50112003,ODOUR LOCK Un 12KG BAG (RL) CHEP PAL,Bag,300000508,,,,,
ICE,32112000,ODOUR LOCK Un 12KG BAG DISP PAL ,Bag,300000334,,,,,
ICE,32112003,ODOUR LOCK Un 12KG BAG (RL) DISP PAL,Bag,300000508,,,,,
ICE,23015000,SIMPLE Un 10KG BAG CHEP PAL ,Bag,300000348,,,,,
ICE,22015000,SIMPLE Un 14KG BAG CHEP PAL ,Bag,300000346,,,,,
ICE,22014000,SIMPLE Un 14KG BAG DISP PAL ,Bag,300000346,,,,,
ICE,10503000,FRESSNAPF PURE Un 12KG Bag,Bag,300000302,,,,,
ICE,10508000,FRESSNAPF PE Le 12KG Bag,Bag,300000303,,,,,
ICE,10509000,FRESSNAPF SENS Un 12KG Bag,Bag,300000304,,,,,
ICE,21512000,CLASSIC CARBON 12KG BAG EURO PAL,Bag,300000550,,,,,
ICE,31512000,CLASSIC CARBON 12KG BAG DISP PAL,Bag,300000550,,,,,
ICE,51512000,CLASSIC CARBON 12KG BAG CHEP PAL,Bag,300000550,,,,,
ICS,21106002,INTERSAND ODOUR LOCK Un 6KG Sac Laminé Recyclable,Sac recyclable laminé,300000333,,,,,
ICS,21612000,INTERSAND MAXCARE UN 12KG Sac Laminé,Sac Laminé,300000344,,,,,
ICS,32106002,INTERSAND ODOUR LOCK UN 6KG Sac laminé Recyclable,Sac recyclable laminé,300000333,,,,,
ICS,32612000,INTERSAND MAXCARE UN 12KG Sac Laminé,Sac Laminé,300000344,,,,,
ICS,50106002,INTERSAND ODOUR LOCK UN 6 KG Sac Laminé Recyclable,Sac recyclable laminé,300000333,,,,,
ICS,50612000,INTERSAND MAXCARE UN 12KG Sac Laminé,Sac Laminé,300000344,,,,,
ICS,21306002,INTERSAND ODOUR LOCK ChLa 6KG Sac Laminé Recyclable,Sac recyclable laminé,300000337,,,,,
ICS,21406002,INTERSAND ODOUR LOCK CB 6KG Sac Laminé Recyclable,Sac recyclable laminé,300000341,,,,,
ICS,21406003,ODOUR LOCK CB 6KG SAC (LR) EURO PAL,Sac recyclable laminé,300000514,,,,,
ICS,32406002,INTERSAND ODOUR LOCK CB 6KG Sac Laminé Recyclable,Sac recyclable laminé,300000341,,,,,
ICS,32406003,ODOUR LOCK CB 6KG SAC (LR) DISP PAL,Sac recyclable laminé,300000514,,,,,
ICS,50306002,INTERSAND ODOUR LOCK ChLa 6KG Sac Laminé Recyclable,Sac recyclable laminé,300000337,,,,,
ICS,50406002,INTERSAND ODOUR LOCK CB 6KG Sac Laminé Recyclable,Sac recyclable laminé,300000341,,,,,
ICS,50406003,ODOUR LOCK CB 6KG SAC (LR) CHEP PAL,Sac recyclable laminé,300000514,,,,,
ICS,21612002,INTERSAND MAXCARE UN 12KG Sac Laminé Recyclable,Sac recyclable laminé,300000345,,,,,
ICS,32612002,INTERSAND MAXCARE UN 12KG Sac Laminé Recyclable,Sac recyclable laminé,300000345,,,,,
ICS,50612002,INTERSAND MAXCARE UN 12KG Sac Laminé Recyclable,Sac recyclable laminé,300000345,,,,,
ICS,50006002,INTERSAND ODOUR LOCK BP 6KG Sac Laminé Recyclable,Sac recyclable laminé,300000329,,,,,
ICS,21006002,INTERSAND ODOUR LOCK BP 6KG Sac Laminé Recyclable,Sac recyclable laminé,300000329,,,,,
ICS,32006002,INTERSAND ODOUR LOCK BP 6KG Sac Laminé Recyclable,Sac recyclable laminé,300000329,,,,,
ICS,32306002,INTERSAND ODOUR LOCK ChLa 6KG Sac Laminé Recyclable,Sac recyclable laminé,300000337,,,,,
ICS,86208000,PET LOVERS TRUSTIE Un 8.1KG Sac,Sac,300000440,,,,,
ICS,10645000,FRESSNAPF PE BP 12 KG Sac,Sac,300000305,,,,,
ICS,18007000,INTERSAND CLASSIC BP 7KG SAC,Sac,300000014,,,,,
ICS,18207000,INTERSAND CLASSIC UN 7KG SAC,Sac,300000015,,,,,
ICS,21306001,INTERSAND ODOUR LOCK CHLA 6KG SAC ,Pouch,300000336,,,,,
ICS,22014000,INTERSAND SIMPLE UN 14KG Sac,Sac,300000346,,,,,
ICS,22015000,INTERSAND SIMPLE UN 14KG Sac,Sac,300000346,,,,,
ICS,22016000,INTERSAND SIMPLE UN 14KG Sac,Sac,300000346,,,,,
ICS,23011000,INTERSAND SIMPLE UN 10KG SAC,Sac,300000347,,,,,
ICS,26455010,INTERSAND ECOLIFE FB 5.5KG SAC,Sac,300000349,,,,,
ICS,32207000,INTERSAND CLASSIC UN 7KG SAC,Sac,300000015,,,,,
ICS,32406001,INTERSAND ODOUR LOCK CB 6KG SAC ,Pouch,300000340,,,,,
ICS,32455010,INTERSAND ECOLIFE FB 5.5KG SAC,Sac,300000349,,,,,
ICS,40060001,INTERSAND OB ORIGINAL UN 6 KG Sac,Sac,300000350,,,,,
ICS,40060003,INTERSAND OB ORIGINAL UN 6 KG Sac,Sac,300000350,,,,,
ICS,40060004,INTERSAND OB ORIGINAL UN 6 KG Sac,Sac,300000350,,,,,
ICS,40060005,INTERSAND OB ORIGINAL UN 6 KG Sac,Sac,300000350,,,,,
ICS,40062001,INTERSAND OB NP UN 6.4 KG SAC,Sac,300000351,,,,,
ICS,40062003,INTERSAND OB NP UN 6.4 KG SAC,Sac,300000351,,,,,
ICS,40120001,INTERSAND OB MC UN 12 KG Sac,Sac,300000352,,,,,
ICS,40120003,INTERSAND OB MC UN 12 KG Sac,Sac,300000352,,,,,
ICS,40120004,INTERSAND OB MC UN 12 KG Sac,Sac,300000352,,,,,
ICS,40120005,INTERSAND OB MC UN 12 KG Sac,Sac,300000352,,,,,
ICS,40123254,INTERSAND ODOUR BUSTER MULTICAT UN 12KG BAG,Sac,300000000,,,,,
ICS,40123354,INTERSAND ODOUR BUSTER MULTICAT UN 12KG BAG,Sac,300000000,,,,,
ICS,40140001,INTERSAND OB ORIGINAL UN 14 KG Sac,Sac,300000355,,,,,
ICS,40140003,INTERSAND OB ORIGINAL UN 14 KG Sac,Sac,300000355,,,,,
ICS,40140004,INTERSAND OB ORIGINAL UN 14 KG Sac,Sac,300000355,,,,,
ICS,40140005,INTERSAND OB ORIGINAL UN 14 KG Sac,Sac,300000355,,,,,
ICS,41070001,ECO-SOL SAHARA UN 7 KG Sac,Sac,300000356,,,,,
ICS,41070003,ECO-SOL SAHARA UN 7 KG Sac,Sac,300000356,,,,,
ICS,41070005,ECO-SOL SAHARA UN 7 KG Sac,Sac,300000356,,,,,
ICS,41070041,ECO-SOL SAHARA BP 7 KG Sac,Sac,300000357,,,,,
ICS,41070043,ECO-SOL SAHARA BP 7 KG Sac,Sac,300000357,,,,,
ICS,41070045,ECO-SOL SAHARA BP 7 KG Sac,Sac,300000357,,,,,
ICS,41070231,ECO-SOL SAHARA La 7 KG Sac,Sac,300000358,,,,,
ICS,41070233,ECO-SOL SAHARA La 7 KG Sac,Sac,300000358,,,,,
ICS,41070235,ECO-SOL SAHARA La 7 KG Sac,Sac,300000358,,,,,
ICS,41100001,ECO-SOL SAHARA UN 10 KG Sac,Sac,300000359,,,,,
ICS,41100003,ECO-SOL SAHARA UN 10 KG Sac,Sac,300000359,,,,,
ICS,41100005,ECO-SOL SAHARA UN 10 KG Sac,Sac,300000359,,,,,
ICS,41100231,ECO-SOL SAHARA La 10 KG Sac,Sac,300000360,,,,,
ICS,41100233,ECO-SOL SAHARA La 10 KG Sac,Sac,300000360,,,,,
ICS,41100235,ECO-SOL SAHARA La 10 KG Sac,Sac,300000360,,,,,
ICS,41120001,ECO-SOL SAHARA SUPREME UN 12 KG Sac laminé,Sac Laminé,300000361,,,,,
ICS,41120003,ECO-SOL SAHARA SUPREME UN 12 KG Sac laminé,Sac Laminé,300000361,,,,,
ICS,42100233,DEPO CANADA'S BEST La 10 KG Sac,Sac,300000362,,,,,
ICS,42100343,DEPO CANADA'S BEST FB10 KG Sac,Sac,300000363,,,,,
ICS,42150043,DEPO CANADA'S BEST BP 15 KG Sac,Sac,300000365,,,,,
ICS,44062004,MONDOU O'SELECT NATURE UN 6.35 KG Sac,Sac,300000366,,,,,
ICS,44120004,MONDOU O'SELECT UP UN 12 KG Sac laminé,Sac Laminé,300000368,,,,,
ICS,44120005,MONDOU O'SELECT UP UN 12KG SAC LAMINÉ,Sac Laminé,300000369,,,,,
ICS,44120344,MONDOU O'SELECT UP FB 12 KG Sac laminé,Sac Laminé,300000370,,,,,
ICS,44120345,MONDOU O'SELECT UP FB 12KG SAC LAMINÉ,Sac Laminé,300000371,,,,,
ICS,44133004,MONDOU O'SELECT NATURE UN 12.7 KG Sac,Sac,300000537,,,,,
ICS,45070003,LEONPET ROYAL SUPERIOR UN 7 KG Sac poigné,Sac,300000373,,,,,
ICS,45100004,LEONPET SAND THE BLESS UN 10 KG Sac,Sac,300000374,,,,,
ICS,45100044,LEONPET SAND THE BLESS BP 10 KG Sac,Sac,300000375,,,,,
ICS,45100235,DIST. AYC SUPREME CATS LA 10 KG Sac,Sac,300000377,,,,,
ICS,45140001,CHICO CHICO UN 14 KG Sac,Sac,300000378,,,,,
ICS,45149991,CHICO ODOUR OUT PPB UN 14 KG Sac,Sac,300000379,,,,,
ICS,45150001,MARKETECH ENVIRO-MAGIC Naturelle UN 15 KG Sac,Sac,300000380,,,,,
ICS,45150002,VERSELE CANADIAN FINE UN 15 KG SAC,Sac,300000381,,,,,
ICS,45150003,CANADIAN FINE Un 15KG SAC EURO PAL,Sac,300000644,,,,,
ICS,45150004,VERSELE CANADIAN FINE UN 15KG SAC,Sac,300000381,,,,,
ICS,45150005,CANADIAN FINE Un 15KG SAC DISP PAL,Sac,300000644,,,,,
ICS,45150041,MARKETECH ENVIRO-MAGIC BP 15 KG Sac,Sac,300000382,,,,,
ICS,45189991,ANIMAGO ANIMAGO PPB UN 18 KG SAC ,Sac,300000383,,,,,
ICS,54413000,PLB PRONATURE BP 12KG SAC,Sac,300000391,,,,,
ICS,54416000,PLB PRONATURE UN 12KG SAC,Sac,300000390,,,,,
ICS,56455010,INTERSAND ECOLIFE FB 5.5KG SAC,Sac,300000349,,,,,
ICS,58455010,INTERSAND ECOLIFE FB 5.5KG SAC,Sac,300000349,,,,,
ICS,72210000,BUSINESSCOM HARMONY BP 10KG SAC,Sac,300000394,,,,,
ICS,72610000,BUSINESSCOM HARMONY LE 10KG SAC,Sac,300000395,,,,,
ICS,72310000,BUSINESSCOM HARMONY BP 10KG BAG EURO PAL,Sac,300000506,,,,,
ICS,73106000,PETS CORNER FELIPURE FRCG 6KG BAG,Sac,300000396,,,,,
ICS,73112000,PETS CORNER FELIPURE FrCG 12KG Bag,Sac,300000397,,,,,
ICS,73206000,PETS CORNER FELIPURE MC FrCG 6KG Bag,Sac,300000398,,,,,
ICS,73212000,PETS CORNER FELIPURE MC FrCG 12KG Bag,Sac,300000399,,,,,
ICS,73306000,PETS CORNER FELIPURE MC Un 6KG Bag,Sac,300000400,,,,,
ICS,73406000,PETS CORNER FELIPURE Un 6KG Bag,Sac,300000402,,,,,
ICS,73412000,PETS CORNER FELIPURE Un 12KG Bag,Sac,300000404,,,,,
ICS,73506000,PETS CORNER FELIPURE ChBl 6KG Bag,Sac,300000406,,,,,
ICS,73512000,PETS CORNER FELIPURE ChBl 12KG Bag,Sac,300000407,,,,,
ICS,85210000,CROCI SUPREME UN 10KG Sac,Sac,300000438,,,,,
ICS,85410000,CROCI SUPREME Eu 10KG Sac,Sac,300000439,,,,,
ICS,88112001,MATINA TIGERINO PI 12KG SAC,Sac,300000460,,,,,
ICS,88212001,MATINA TIGERINO OB 12KG SAC,Sac,300000461,,,,,
ICS,88312000,MATINA TIGERINO MAXIMUM ODOUR CONTROL 12KG Sac,Sac,300000462,,,,,
ICS,73406001,FELIPURE UN CARBON 6KG SAC RECYCLABLE,Sac recyclable laminé,300000403,,,,,
ICS,73412001,FELIPURE UN CARBON 12KG SAC RECYCLABLE,Sac recyclable laminé,300000405,,,,,
ICS,45100043,LEONPET SAND THE BLESS BP 10 KG Sac,Sac,300000492,,,,,
ICS,73506001,FELIPURE CHBL 6KG BAG (RL) EURO PAL,Sac recyclable laminé,300000464,,,,,
ICS,73512001,FELIPURE CHBL 12KG BAG (RL) EURO PAL,Sac recyclable laminé,300000465,,,,,
ICS,73206001,FELIPURE MC FRCG 6KG BAG (RL) EURO PAL,Sac recyclable laminé,300000466,,,,,
ICS,73212001,FELIPURE MC FRCG 12KG BAG (RL) EURO PAL,Sac recyclable laminé,300000467,,,,,
ICS,73406002,FELIPURE MC UN 6KG BAG (RL) EURO PAL,Sac recyclable laminé,300000468,,,,,
ICS,73412002,FELIPURE MC UN 12KG BAG (RL) EURO PAL,Sac recyclable laminé,300000469,,,,,
ICS,44062005,O'SELECT NAT Un 6.35KG BAG CHEP PAL,Sac,300000473,,,,,
ICS,75131410,PETZEBA KYLI BP 14KG BAG EURO PAL,Sac,300000410,,,,,
ICS,35000000,INTERSAND PROA MAIS 9.1KG SAC PAL JET,Sac,300000493,,,,,
ICS,44080004,O'SELECT UP UN 7KG SUPL CHEP PAL,Laminated Pouch,300000496,,,,,
ICS,21612003,OL MAXCARE UN 12KG SAC (LR) EURO PAL,Sac recyclable laminé,300000515,,,,,
ICS,32612003,OL MAXCARE UN 12KG SAC (LR) DISP PAL,Sac recyclable laminé,300000515,,,,,
ICS,50612003,OL MAXCARE UN 12KG SAC (LR) CHEP PAL,Sac recyclable laminé,300000515,,,,,
ICS,90000010,RECYMIX 15KG BAG DISP PAL,Sac,300000480,,,,,
ICS,45100046,NUTBAL Nomade BP 10KG Sac,Sac,300000376,,,,,
ICS,50006001,INTERSAND ODOUR LOCK BP 6KG Sac,Sac,300000328,,,,,
ICS,21006001,INTERSAND ODOUR LOCK BP 6KG SAC ,Pouch,300000328,,,,,
ICS,21406001,INTERSAND ODOUR LOCK CB 6KG SAC ,Pouch,300000340,,,,,
ICS,32006001,INTERSAND ODOUR LOCK BP 6KG SAC ,Pouch,300000328,,,,,
ICS,42150003,ECO-SOL CANADA'S BEST UN 15 KG Sac,Sac,300000364,,,,,
ICS,44122004,MONDOU O'SELECT NATURE UN 12.7 KG Sac,Sac,300000372,,,,,
ICS,80110000,AGRIFARMA NEXT CAT Le 10KG Sac,Sac,300000425,,,,,
ICS,80210000,AGRIFARMA NEXT CAT UN 10KG Sac,Sac,300000426,,,,,
ICS,80310000,AGRIFARMA NEXT CAT La 10KG Sac,Sac,300000427,,,,,
ICS,81010000,AGRIFARMA NEXT CAT BP 10KG SAC,Sac,300000428,,,,,
ICS,81012000,ANISERCO TOM&CO BP 12KG SAC,Sac,300000429,,,,,
ICS,75131400,PETZEBA KYLI BP 14KG BAG EURO PAL,Sac,300000480,,,,,
ICS,21512000,CLASSIC CARBON 12KG BAG EURO PAL,Sac,300000550,,,,,
ICS,31512000,CLASSIC CARBON 12KG BAG DISP PAL,Sac,300000550,,,,,
ICS,51512000,CLASSIC CARBON 12KG BAG CHEP PAL,Sac,300000550,,,,,
